Wafer Step,Year,Synthetic_Water_per_Wafer,Synthetic_Water_per_Wafer_noisy,Investment_Level,Wafer_Size,Water_Efficiency_Level,Percent_Reclaimed_Water,Percent_Municipal_Water,Reclamation_Tech_Level,Wafer_Intention
Cleaning,1,3.24E-05,3.37E-05,218.5430535,300,Low,82.02188977,17.97811023,5,Reduced
Cleaning,2,3.33E-05,3.17E-05,477.8214379,300,Low,64.72052451,35.27947549,4,Reduced
Cleaning,3,3.43E-05,3.50E-05,379.3972738,300,Low,56.31692515,43.68307485,5,Advanced
Cleaning,4,3.54E-05,3.53E-05,319.3963179,450,Medium,73.51545962,26.48454038,2,Advanced
Cleaning,5,3.64E-05,3.50E-05,120.2083882,200,Medium,59.20013649,40.79986351,4,Current
Cleaning,6,3.75E-05,3.84E-05,120.1975342,300,High,82.40539428,17.59460572,3,Advanced
Cleaning,7,3.86E-05,4.04E-05,76.13762548,200,High,84.04211184,15.95788816,4,Advanced
Cleaning,8,3.98E-05,4.04E-05,439.7792656,300,Medium,55.30325561,44.69674439,3,Advanced
Cleaning,9,4.10E-05,4.29E-05,320.5017553,200,Low,46.60966783,53.39033217,3,Current
Cleaning,10,4.22E-05,4.17E-05,368.63266,200,Medium,65.54101972,34.45898028,4,Advanced
Cleaning,11,4.35E-05,4.27E-05,59.26302243,200,Medium,84.74180074,15.25819926,3,Current
Cleaning,12,4.48E-05,4.38E-05,486.4594335,300,Low,42.63973134,57.36026866,3,Reduced
Cleaning,13,4.61E-05,4.39E-05,424.5991884,300,Medium,67.37799501,32.62200499,2,Advanced
Cleaning,14,4.75E-05,4.73E-05,145.5525998,300,Medium,67.89361321,32.10638679,5,Advanced
Cleaning,15,4.90E-05,4.66E-05,131.8212352,450,Medium,73.98678134,26.01321866,5,Advanced
Cleaning,16,5.04E-05,4.86E-05,132.5320294,300,Medium,37.89406111,62.10593889,2,Reduced
Cleaning,17,5.19E-05,5.01E-05,186.9090093,300,Low,72.94949788,27.05050212,4,Advanced
Cleaning,18,5.35E-05,5.31E-05,286.1403942,450,High,84.54195124,15.45804876,1,Advanced
Cleaning,19,5.51E-05,5.45E-05,244.3752584,300,Medium,40.78098653,59.21901347,1,Advanced
Cleaning,20,5.68E-05,5.93E-05,181.0531131,450,Low,44.2525995,55.7474005,1,Current
Cleaning,21,5.85E-05,5.83E-05,325.3338026,200,High,88.28370564,11.71629436,2,Current
Cleaning,22,6.02E-05,6.16E-05,112.7722373,450,Medium,40.85861716,59.14138284,2,Current
Cleaning,23,6.20E-05,6.50E-05,181.4650918,200,High,81.2631056,18.7368944,3,Reduced
Cleaning,24,6.39E-05,6.58E-05,214.8628295,450,Medium,59.53667139,40.46332861,1,Advanced
Cleaning,25,6.58E-05,6.61E-05,255.2314929,300,Medium,44.83386446,55.16613554,4,Reduced
Cleaning,26,6.78E-05,6.98E-05,403.3291826,450,Low,82.24499408,17.75500592,4,Advanced
Cleaning,27,6.98E-05,6.92E-05,139.853202,200,Low,56.7183153,43.2816847,1,Reduced
Cleaning,28,7.19E-05,7.16E-05,281.4054973,300,Medium,60.88904124,39.11095876,1,Current
Cleaning,29,7.40E-05,7.27E-05,316.586556,450,Medium,51.55400216,48.44599784,1,Reduced
Cleaning,30,7.63E-05,7.73E-05,70.90268572,300,Low,65.57705109,34.42294891,2,Advanced
Cleaning,31,7.86E-05,7.50E-05,323.3951834,300,Low,39.81143236,60.18856764,2,Advanced
Cleaning,32,8.09E-05,8.03E-05,126.7358557,300,High,53.4648922,46.5351078,2,Advanced
Cleaning,33,8.33E-05,8.02E-05,79.27321684,300,High,88.16473934,11.83526066,5,Advanced
Cleaning,34,8.58E-05,8.66E-05,476.9984918,300,Medium,45.48800596,54.51199404,4,Advanced
Cleaning,35,8.84E-05,9.23E-05,484.5344149,300,Low,69.40419987,30.59580013,4,Advanced
Cleaning,36,9.11E-05,8.76E-05,413.7788067,450,Low,49.51140385,50.48859615,3,Advanced
Cleaning,37,9.38E-05,9.53E-05,187.0761961,200,Low,76.40838754,23.59161246,2,Current
Cleaning,38,9.66E-05,9.20E-05,93.9524513,300,High,37.85241964,62.14758036,5,Reduced
Cleaning,39,9.95E-05,0.000103768,357.9048619,450,Low,88.1892627,11.8107373,5,Current
Cleaning,40,0.000102498,0.000104371,248.0686222,450,Medium,57.22737248,42.77262752,4,Advanced
Cleaning,41,0.000105572,0.000104549,104.9172057,300,Low,44.1630278,55.8369722,2,Current
Cleaning,42,0.00010874,0.000107821,272.8296096,300,Medium,34.40980484,65.59019516,3,Advanced
Cleaning,43,0.000112002,0.000115902,65.4748345,300,Medium,40.18547431,59.81452569,2,Reduced
Cleaning,44,0.000115362,0.000112516,459.1941809,200,High,61.18643691,38.81356309,1,Advanced
Cleaning,45,0.000118823,0.000123005,166.4509917,300,Low,50.22019059,49.77980941,2,Current
Cleaning,46,0.000122387,0.000119613,348.135028,300,Low,79.73300195,20.26699805,1,Reduced
Cleaning,47,0.000126059,0.00012736,190.2699842,300,Low,55.85325142,44.14674858,1,Reduced
Cleaning,48,0.000129841,0.000133423,284.0306095,200,High,44.92285636,55.07714364,3,Current
Cleaning,49,0.000133736,0.000132699,296.0196257,450,High,67.0286992,32.9713008,4,Reduced
Cleaning,50,0.000137748,0.000143692,133.184505,450,Medium,72.40663301,27.59336699,2,Reduced
Photolithography,1,1.62E-05,1.64E-05,486.3130825,300,Medium,40.02251447,59.97748553,1,Current
Photolithography,2,1.67E-05,1.62E-05,398.8097705,300,Medium,40.05715298,59.94284702,2,Current
Photolithography,3,1.72E-05,1.65E-05,472.7745237,300,Low,32.20028562,67.79971438,4,Current
Photolithography,4,1.77E-05,1.75E-05,452.6723077,450,High,74.1841209,25.8158791,4,Current
Photolithography,5,1.82E-05,1.78E-05,319.0549905,300,Medium,69.82827166,30.17172834,5,Current
Photolithography,6,1.88E-05,1.90E-05,464.8434058,200,Medium,58.47785254,41.52214746,4,Current
Photolithography,7,1.93E-05,2.00E-05,89.82162592,450,Medium,80.65022694,19.34977306,3,Advanced
Photolithography,8,1.99E-05,1.93E-05,138.1922881,450,Low,78.34020918,21.65979082,1,Advanced
Photolithography,9,2.05E-05,2.13E-05,70.35228001,450,Low,65.12126186,34.87873814,5,Advanced
Photolithography,10,2.11E-05,2.13E-05,196.3986488,300,Medium,82.09627683,17.90372317,3,Advanced
Photolithography,11,2.17E-05,2.27E-05,224.9047804,300,Low,42.3504726,57.6495274,2,Advanced
Photolithography,12,2.24E-05,2.35E-05,172.1070643,300,Medium,36.71517716,63.28482284,1,Current
Photolithography,13,2.31E-05,2.28E-05,422.9318791,450,Low,46.18497669,53.81502331,4,Advanced
Photolithography,14,2.38E-05,2.29E-05,210.538997,450,Medium,33.42521137,66.57478863,1,Reduced
Photolithography,15,2.45E-05,2.56E-05,176.4205294,200,Low,61.87017168,38.12982832,2,Advanced
Photolithography,16,2.52E-05,2.61E-05,294.2132374,200,Medium,86.19634154,13.80365846,5,Advanced
Photolithography,17,2.60E-05,2.53E-05,113.4159012,300,Medium,32.36061244,67.63938756,5,Current
Photolithography,18,2.67E-05,2.61E-05,410.9886413,450,Low,37.32659484,62.67340516,5,Current
Photolithography,19,2.75E-05,2.83E-05,83.54778966,450,Medium,57.1319417,42.8680583,4,Advanced
Photolithography,20,2.84E-05,2.80E-05,494.0991215,200,Medium,86.03250105,13.96749895,3,Reduced
Photolithography,21,2.92E-05,2.92E-05,397.5101462,300,Medium,48.9693663,51.0306337,3,Reduced
Photolithography,22,3.01E-05,2.94E-05,139.4220567,300,High,60.43408852,39.56591148,1,Advanced
Photolithography,23,3.10E-05,2.97E-05,52.48495271,450,Medium,32.49437154,67.50562846,4,Advanced
Photolithography,24,3.19E-05,3.20E-05,416.9576428,450,Low,38.90059206,61.09940794,5,Reduced
Photolithography,25,3.29E-05,3.21E-05,368.0858047,450,Low,89.19780738,10.80219262,5,Current
Photolithography,26,3.39E-05,3.46E-05,378.0532256,300,Low,87.90712179,12.09287821,2,Current
Photolithography,27,3.49E-05,3.56E-05,397.071656,300,Medium,30.29639886,69.70360114,2,Reduced
Photolithography,28,3.59E-05,3.65E-05,83.32009328,300,Low,87.10870713,12.89129287,5,Advanced
Photolithography,29,3.70E-05,3.55E-05,211.3095778,200,Medium,68.34719627,31.65280373,5,Current
Photolithography,30,3.81E-05,3.86E-05,102.1410768,450,Medium,82.07509767,17.92490233,4,Advanced
Photolithography,31,3.93E-05,3.92E-05,438.3965416,450,Medium,57.28439134,42.71560866,3,Current
Photolithography,32,4.05E-05,3.98E-05,330.4841571,450,Medium,60.93576171,39.06423829,2,Current
Photolithography,33,4.17E-05,4.03E-05,198.9041112,450,Low,59.33079482,40.66920518,3,Current
Photolithography,34,4.29E-05,4.30E-05,78.60125763,300,Low,70.01185545,29.98814455,4,Advanced
Photolithography,35,4.42E-05,4.22E-05,189.9420448,300,Medium,38.37907529,61.62092471,5,Advanced
Photolithography,36,4.55E-05,4.62E-05,196.3324949,450,Medium,31.79841539,68.20158461,3,Current
Photolithography,37,4.69E-05,4.89E-05,378.3227803,450,Medium,48.4757965,51.5242035,5,Current
Photolithography,38,4.83E-05,4.66E-05,336.9008621,300,Medium,72.28084576,27.71915424,5,Current
Photolithography,39,4.98E-05,5.08E-05,449.2457342,300,Low,42.11120713,57.88879287,1,Advanced
Photolithography,40,5.12E-05,4.88E-05,262.4967163,200,High,70.405946,29.594054,3,Reduced
Photolithography,41,5.28E-05,5.52E-05,103.8174107,450,Medium,88.19472277,11.80527723,3,Advanced
Photolithography,42,5.44E-05,5.68E-05,370.9601543,300,Medium,35.63404295,64.36595705,5,Reduced
Photolithography,43,5.60E-05,5.82E-05,392.3532719,300,Low,70.35612709,29.64387291,4,Advanced
Photolithography,44,5.77E-05,5.91E-05,302.5747389,300,Medium,56.62501316,43.37498684,1,Current
Photolithography,45,5.94E-05,6.23E-05,396.935231,300,Medium,82.08853526,17.91146474,5,Advanced
Photolithography,46,6.12E-05,6.32E-05,272.2080184,300,Low,40.62898737,59.37101263,2,Reduced
Photolithography,47,6.30E-05,6.57E-05,285.2297732,200,High,71.55755713,28.44244287,2,Current
Photolithography,48,6.49E-05,6.69E-05,242.3934583,300,Low,80.28691738,19.71308262,1,Advanced
Photolithography,49,6.69E-05,6.66E-05,61.43860703,300,High,86.67685317,13.32314683,4,Advanced
Photolithography,50,6.89E-05,7.06E-05,98.55114215,300,Medium,70.9948817,29.0051183,5,Advanced
CMP,1,1.62E-05,1.62E-05,64.14313356,300,Low,59.83048584,40.16951416,3,Advanced
CMP,2,1.67E-05,1.70E-05,336.3846851,450,Medium,67.07083441,32.92916559,1,Reduced
CMP,3,1.72E-05,1.74E-05,191.4601915,300,High,82.13429907,17.86570093,4,Current
CMP,4,1.77E-05,1.72E-05,278.856811,300,Medium,64.2365848,35.7634152,3,Current
CMP,5,1.82E-05,1.75E-05,458.4049133,450,High,31.82322358,68.17677642,2,Current
CMP,6,1.88E-05,1.83E-05,162.1815031,300,Medium,85.85692173,14.14307827,2,Current
CMP,7,1.93E-05,1.94E-05,234.6723154,200,Medium,71.37160506,28.62839494,3,Advanced
CMP,8,1.99E-05,2.06E-05,389.9980123,200,High,70.59080315,29.40919685,1,Advanced
CMP,9,2.05E-05,1.97E-05,152.9591745,300,Low,42.94050914,57.05949086,2,Current
CMP,10,2.11E-05,2.02E-05,84.64095942,300,Medium,69.53312821,30.46687179,5,Reduced
CMP,11,2.17E-05,2.26E-05,180.3881538,300,Low,53.63186434,46.36813566,3,Advanced
CMP,12,2.24E-05,2.25E-05,122.5495793,300,High,69.07397862,30.92602138,3,Advanced
CMP,13,2.31E-05,2.31E-05,468.3639436,200,High,36.39558182,63.60441818,2,Current
CMP,14,2.38E-05,2.36E-05,413.6541708,200,Low,69.47071828,30.52928172,1,Reduced
CMP,15,2.45E-05,2.54E-05,335.0316904,300,Medium,89.96482355,10.03517645,5,Advanced
CMP,16,2.52E-05,2.56E-05,442.1572656,300,High,32.89272233,67.10727767,1,Current
CMP,17,2.60E-05,2.68E-05,411.6524346,300,Low,88.63045105,11.36954895,4,Reduced
CMP,18,2.67E-05,2.60E-05,133.9565265,300,Medium,54.41447764,45.58552236,4,Advanced
CMP,19,2.75E-05,2.64E-05,451.6515493,450,High,82.24520702,17.75479298,2,Advanced
CMP,20,2.84E-05,2.80E-05,292.7040089,300,Low,76.94312904,23.05687096,2,Current
CMP,21,2.92E-05,2.78E-05,413.3480698,300,Medium,64.02097566,35.97902434,2,Reduced
CMP,22,3.01E-05,3.11E-05,453.241085,300,Low,74.30695256,25.69304744,4,Advanced
CMP,23,3.10E-05,3.20E-05,193.1015637,300,High,82.71093368,17.28906632,1,Current
CMP,24,3.19E-05,3.23E-05,99.52336604,300,High,54.2484193,45.7515807,1,Current
CMP,25,3.29E-05,3.36E-05,152.5708231,450,High,49.62198969,50.37801031,2,Current
CMP,26,3.39E-05,3.40E-05,242.1985049,450,Medium,70.05560313,29.94439687,5,Current
CMP,27,3.49E-05,3.54E-05,418.1066447,200,High,78.47075652,21.52924348,1,Current
CMP,28,3.59E-05,3.76E-05,437.3287625,450,High,75.73710809,24.26289191,4,Current
CMP,29,3.70E-05,3.53E-05,53.12845874,300,Medium,77.86881893,22.13118107,3,Current
CMP,30,3.81E-05,3.93E-05,279.8362862,300,High,56.13499889,43.86500111,3,Current
CMP,31,3.93E-05,4.02E-05,237.8349514,300,Low,79.07005297,20.92994703,3,Current
CMP,32,4.05E-05,3.88E-05,149.9485147,450,Medium,37.21254332,62.78745668,5,Reduced
CMP,33,4.17E-05,3.98E-05,103.9394153,300,Low,62.66934588,37.33065412,2,Advanced
CMP,34,4.29E-05,4.18E-05,201.9268271,300,Low,30.34551963,69.65448037,4,Reduced
CMP,35,4.42E-05,4.40E-05,474.3093668,300,Low,49.47514979,50.52485021,5,Reduced
CMP,36,4.55E-05,4.75E-05,195.4413194,300,Medium,51.98769209,48.01230791,4,Advanced
CMP,37,4.69E-05,4.58E-05,283.4557798,200,Medium,53.7703615,46.2296385,4,Current
CMP,38,4.83E-05,4.94E-05,366.3585315,200,Medium,71.7280324,28.2719676,2,Current
CMP,39,4.98E-05,4.87E-05,213.6333211,200,Low,53.31348608,46.68651392,3,Advanced
CMP,40,5.12E-05,4.88E-05,487.3019372,200,Medium,56.92161736,43.07838264,2,Advanced
CMP,41,5.28E-05,5.47E-05,483.1012827,200,Medium,44.25264785,55.74735215,5,Advanced
CMP,42,5.44E-05,5.58E-05,163.3020331,300,Medium,52.3951075,47.6048925,5,Advanced
CMP,43,5.60E-05,5.46E-05,273.7618277,200,Medium,43.63617764,56.36382236,5,Reduced
CMP,44,5.77E-05,5.87E-05,185.3952394,300,Medium,34.39175543,65.60824457,2,Advanced
CMP,45,5.94E-05,5.69E-05,178.1782225,450,High,66.2069156,33.7930844,4,Reduced
CMP,46,6.12E-05,5.93E-05,66.59912631,300,Medium,70.09276791,29.90723209,4,Current
CMP,47,6.30E-05,6.23E-05,324.3039503,300,Low,67.16942076,32.83057924,1,Reduced
CMP,48,6.49E-05,6.50E-05,276.2055605,200,Low,57.80964263,42.19035737,5,Current
CMP,49,6.69E-05,6.65E-05,73.16543806,200,High,52.78714681,47.21285319,4,Advanced
CMP,50,6.89E-05,6.91E-05,175.3909089,200,Low,81.80001897,18.19998103,1,Current
Etching,1,1.08E-05,1.03E-05,458.7196487,200,High,61.14490711,38.85509289,4,Advanced
Etching,2,1.11E-05,1.10E-05,157.8028508,300,Medium,58.75091266,41.24908734,5,Current
Etching,3,1.14E-05,1.12E-05,115.2026924,200,High,31.53852395,68.46147605,3,Reduced
Etching,4,1.18E-05,1.18E-05,270.2537421,200,Medium,50.47486966,49.52513034,5,Advanced
Etching,5,1.21E-05,1.26E-05,493.5427043,200,High,52.81173713,47.18826287,2,Advanced
Etching,6,1.25E-05,1.22E-05,158.9248722,300,Medium,53.92936685,46.07063315,4,Current
Etching,7,1.29E-05,1.34E-05,352.4609963,300,Medium,64.81034215,35.18965785,4,Reduced
Etching,8,1.33E-05,1.32E-05,392.7288269,300,Medium,62.0161528,37.9838472,2,Current
Etching,9,1.37E-05,1.43E-05,156.9368948,300,Medium,66.47430557,33.52569443,2,Advanced
Etching,10,1.41E-05,1.46E-05,377.6973569,300,Medium,75.89299569,24.10700431,3,Current
Etching,11,1.45E-05,1.44E-05,215.5024097,200,High,78.77914432,21.22085568,4,Advanced
Etching,12,1.49E-05,1.53E-05,334.5376238,300,High,73.08738457,26.91261543,4,Current
Etching,13,1.54E-05,1.60E-05,335.0883698,300,Medium,87.33142176,12.66857824,3,Reduced
Etching,14,1.58E-05,1.57E-05,291.0986078,200,Medium,31.09395496,68.90604504,1,Current
Etching,15,1.63E-05,1.59E-05,90.63039652,450,Medium,41.74667914,58.25332086,3,Reduced
Etching,16,1.68E-05,1.67E-05,425.886123,450,Medium,30.4537725,69.5462275,5,Advanced
Etching,17,1.73E-05,1.68E-05,194.3510292,200,Low,68.84848285,31.15151715,4,Current
Etching,18,1.78E-05,1.84E-05,133.9333297,300,Low,83.88183294,16.11816706,2,Reduced
Etching,19,1.84E-05,1.91E-05,68.3488137,450,Medium,44.60893779,55.39106221,5,Advanced
Etching,20,1.89E-05,1.85E-05,315.9018244,300,Low,85.62207269,14.37792731,4,Reduced
Etching,21,1.95E-05,1.89E-05,354.9039628,200,Low,33.61604342,66.38395658,3,Advanced
Etching,22,2.01E-05,1.99E-05,57.46452302,300,Low,86.06616161,13.93383839,5,Current
Etching,23,2.07E-05,2.02E-05,280.4418762,300,Low,51.09736123,48.90263877,4,Reduced
Etching,24,2.13E-05,2.14E-05,151.9230988,300,Low,36.08524971,63.91475029,1,Current
Etching,25,2.19E-05,2.11E-05,340.3277557,300,High,59.15230555,40.84769445,1,Advanced
Etching,26,2.26E-05,2.17E-05,128.4648931,300,Medium,45.40659406,54.59340594,2,Current
Etching,27,2.33E-05,2.44E-05,360.9219821,300,Medium,47.09237412,52.90762588,4,Current
Etching,28,2.40E-05,2.29E-05,224.0309058,300,Medium,48.4373979,51.5626021,1,Reduced
Etching,29,2.47E-05,2.50E-05,471.5284949,200,Low,78.18155387,21.81844613,3,Current
Etching,30,2.54E-05,2.48E-05,111.8844249,300,High,62.3496766,37.6503234,4,Advanced
Etching,31,2.62E-05,2.51E-05,203.479858,300,Medium,48.67846195,51.32153805,3,Current
Etching,32,2.70E-05,2.59E-05,101.0630846,450,Low,66.620027,33.379973,3,Current
Etching,33,2.78E-05,2.72E-05,466.1121282,300,Medium,72.96904045,27.03095955,1,Current
Etching,34,2.86E-05,2.94E-05,444.802709,300,High,46.35744004,53.64255996,4,Current
Etching,35,2.95E-05,3.01E-05,166.0737325,200,High,54.81294609,45.18705391,5,Reduced
Etching,36,3.04E-05,3.02E-05,346.9928207,300,Medium,37.3131656,62.6868344,1,Current
Etching,37,3.13E-05,3.16E-05,417.7499901,300,Medium,40.86896097,59.13103903,1,Current
Etching,38,3.22E-05,3.37E-05,299.8403652,300,Low,70.86707124,29.13292876,4,Advanced
Etching,39,3.32E-05,3.22E-05,288.3427603,300,High,40.88630086,59.11369914,4,Advanced
Etching,40,3.42E-05,3.39E-05,158.8335309,300,Low,61.50980302,38.49019698,3,Advanced
Etching,41,3.52E-05,3.46E-05,91.89624551,200,High,72.5427757,27.4572243,4,Advanced
Etching,42,3.62E-05,3.54E-05,453.7470911,300,Medium,36.41261539,63.58738461,3,Current
Etching,43,3.73E-05,3.55E-05,455.1881257,300,Medium,64.03873318,35.96126682,1,Current
Etching,44,3.85E-05,3.98E-05,334.8956558,300,Medium,45.39376702,54.60623298,2,Current
Etching,45,3.96E-05,3.99E-05,202.563406,200,Low,87.77561251,12.22438749,5,Reduced
Etching,46,4.08E-05,4.10E-05,207.1443086,450,Low,59.0127388,40.9872612,1,Reduced
Etching,47,4.20E-05,4.30E-05,376.6800555,300,Low,78.35955299,21.64044701,4,Reduced
Etching,48,4.33E-05,4.38E-05,453.699617,300,Low,63.01359253,36.98640747,5,Current
Etching,49,4.46E-05,4.24E-05,449.1888909,300,Medium,32.60475197,67.39524803,2,Current
Etching,50,4.59E-05,4.69E-05,400.9439956,300,Medium,67.98908254,32.01091746,2,Current
Deposition,1,1.08E-05,1.08E-05,338.9142408,200,Low,87.08420053,12.91579947,3,Advanced
Deposition,2,1.11E-05,1.11E-05,87.86298425,300,High,66.09670921,33.90329079,5,Advanced
Deposition,3,1.14E-05,1.17E-05,122.7329213,300,High,79.15133157,20.84866843,3,Reduced
Deposition,4,1.18E-05,1.21E-05,454.3493848,300,High,83.0523878,16.9476122,1,Reduced
Deposition,5,1.21E-05,1.22E-05,322.8930768,300,High,43.68478632,56.31521368,5,Advanced
Deposition,6,1.25E-05,1.27E-05,54.13867323,200,Low,42.72269039,57.27730961,1,Current
Deposition,7,1.29E-05,1.30E-05,95.66219429,300,Medium,66.65885933,33.34114067,3,Reduced
Deposition,8,1.33E-05,1.33E-05,348.5757961,300,Medium,54.66170819,45.33829181,5,Advanced
Deposition,9,1.37E-05,1.31E-05,52.27771273,300,Medium,80.39167817,19.60832183,3,Advanced
Deposition,10,1.41E-05,1.35E-05,122.3636231,300,Low,84.0013874,15.9986126,5,Reduced
Deposition,11,1.45E-05,1.42E-05,296.9302052,300,High,51.20528276,48.79471724,3,Current
Deposition,12,1.49E-05,1.55E-05,361.352839,450,Low,44.21223354,55.78776646,2,Advanced
Deposition,13,1.54E-05,1.50E-05,343.3825668,300,Low,76.83153091,23.16846909,3,Current
Deposition,14,1.58E-05,1.54E-05,150.9211893,300,Medium,46.48836213,53.51163787,2,Reduced
Deposition,15,1.63E-05,1.62E-05,370.4806496,200,Medium,79.35685911,20.64314089,3,Current
Deposition,16,1.68E-05,1.65E-05,156.7620894,200,Medium,55.42429522,44.57570478,5,Advanced
Deposition,17,1.73E-05,1.67E-05,196.4298642,300,Low,70.05299396,29.94700604,5,Advanced
Deposition,18,1.78E-05,1.70E-05,385.9211323,200,High,35.73211883,64.26788117,5,Current
Deposition,19,1.84E-05,1.78E-05,342.3348046,200,Low,67.43155948,32.56844052,4,Current
Deposition,20,1.89E-05,1.91E-05,432.1505347,300,Low,57.10606072,42.89393928,1,Current
Deposition,21,1.95E-05,1.94E-05,345.9258015,200,High,65.19650779,34.80349221,5,Advanced
Deposition,22,2.01E-05,1.97E-05,305.7388715,450,High,40.08085246,59.91914754,2,Reduced
Deposition,23,2.07E-05,2.14E-05,92.15364552,200,High,74.2124247,25.7875753,5,Advanced
Deposition,24,2.13E-05,2.15E-05,215.4721114,300,High,81.76782465,18.23217535,4,Advanced
Deposition,25,2.19E-05,2.30E-05,169.3410655,300,Medium,43.00438801,56.99561199,2,Advanced
Deposition,26,2.26E-05,2.35E-05,159.7953395,450,Medium,35.74287333,64.25712667,4,Advanced
Deposition,27,2.33E-05,2.39E-05,487.8547496,200,Low,31.41831516,68.58168484,2,Current
Deposition,28,2.40E-05,2.50E-05,226.8939761,300,Medium,68.51829003,31.48170997,3,Current
Deposition,29,2.47E-05,2.47E-05,451.4209498,450,Medium,66.42564217,33.57435783,1,Advanced
Deposition,30,2.54E-05,2.58E-05,334.0123817,450,Low,62.80184476,37.19815524,1,Current
Deposition,31,2.62E-05,2.67E-05,407.6650866,450,Medium,43.91682577,56.08317423,4,Advanced
Deposition,32,2.70E-05,2.70E-05,276.1866919,300,Medium,53.45435975,46.54564025,1,Current
Deposition,33,2.78E-05,2.81E-05,309.6067481,200,Low,65.66858011,34.33141989,4,Reduced
Deposition,34,2.86E-05,2.90E-05,271.6329622,300,Low,59.80601153,40.19398847,4,Advanced
Deposition,35,2.95E-05,3.02E-05,137.8593445,450,Medium,89.26713121,10.73286879,4,Current
Deposition,36,3.04E-05,3.01E-05,375.1034519,300,Low,38.18638515,61.81361485,1,Advanced
Deposition,37,3.13E-05,3.06E-05,176.3475631,300,High,71.70867324,28.29132676,4,Advanced
Deposition,38,3.22E-05,3.27E-05,60.94218489,300,Medium,54.25912609,45.74087391,1,Advanced
Deposition,39,3.32E-05,3.31E-05,340.4625332,300,Medium,55.6919769,44.3080231,4,Current
Deposition,40,3.42E-05,3.51E-05,129.6998057,200,Medium,73.05586594,26.94413406,5,Current
Deposition,41,3.52E-05,3.42E-05,473.206363,300,High,71.54616908,28.45383092,4,Advanced
Deposition,42,3.62E-05,3.51E-05,479.2678597,300,Medium,89.47535962,10.52464038,2,Reduced
Deposition,43,3.73E-05,3.76E-05,461.6889756,300,Medium,37.70365737,62.29634263,4,Current
Deposition,44,3.85E-05,4.03E-05,216.5714151,300,Medium,36.24657896,63.75342104,3,Reduced
Deposition,45,3.96E-05,3.98E-05,56.95547744,200,Low,73.46032903,26.53967097,4,Current
Deposition,46,4.08E-05,3.93E-05,467.7433532,300,High,64.70321502,35.29678498,2,Current
Deposition,47,4.20E-05,4.25E-05,242.6828667,300,Medium,46.44963999,53.55036001,2,Advanced
Deposition,48,4.33E-05,4.27E-05,484.9946686,300,Medium,34.76516214,65.23483786,1,Advanced
Deposition,49,4.46E-05,4.63E-05,483.6289897,200,High,35.13949498,64.86050502,5,Reduced
Deposition,50,4.59E-05,4.64E-05,433.854255,300,High,83.65145248,16.34854752,4,Advanced
Oxidation,1,5.39E-06,5.39E-06,182.5020014,300,Medium,41.51203948,58.48796052,1,Reduced
Oxidation,2,5.56E-06,5.77E-06,223.2939779,200,High,49.40229373,50.59770627,5,Current
Oxidation,3,5.72E-06,5.44E-06,433.0115022,300,Medium,43.59938413,56.40061587,4,Advanced
Oxidation,4,5.89E-06,5.81E-06,192.6149023,200,Medium,51.29977835,48.70022165,3,Advanced
Oxidation,5,6.07E-06,5.78E-06,126.271736,200,Medium,34.16543056,65.83456944,4,Advanced
Oxidation,6,6.25E-06,5.95E-06,300.5605681,450,Medium,61.14358745,38.85641255,2,Reduced
Oxidation,7,6.44E-06,6.56E-06,471.2696484,300,Low,34.05675382,65.94324618,2,Current
Oxidation,8,6.63E-06,6.62E-06,363.2134085,450,High,78.02139047,21.97860953,3,Advanced
Oxidation,9,6.83E-06,6.99E-06,306.5275265,300,High,44.02272491,55.97727509,1,Advanced
Oxidation,10,7.04E-06,7.20E-06,93.7294222,300,Low,62.40071488,37.59928512,5,Advanced
Oxidation,11,7.25E-06,7.23E-06,326.753252,300,High,82.80474525,17.19525475,4,Current
Oxidation,12,7.47E-06,7.21E-06,495.5242325,300,Low,69.05264214,30.94735786,2,Advanced
Oxidation,13,7.69E-06,7.66E-06,113.0378069,300,Medium,61.97746719,38.02253281,1,Reduced
Oxidation,14,7.92E-06,8.25E-06,283.2483436,300,Medium,49.46002519,50.53997481,3,Advanced
Oxidation,15,8.16E-06,8.03E-06,444.8178824,300,Low,49.98011478,50.01988522,2,Advanced
Oxidation,16,8.40E-06,8.05E-06,383.345878,450,High,70.16921731,29.83078269,3,Current
Oxidation,17,8.66E-06,8.93E-06,363.6570834,450,High,89.64836167,10.35163833,4,Current
Oxidation,18,8.92E-06,9.03E-06,366.1178378,450,Medium,69.71035139,30.28964861,5,Reduced
Oxidation,19,9.18E-06,9.15E-06,211.771018,200,Low,63.46700504,36.53299496,2,Current
Oxidation,20,9.46E-06,9.85E-06,182.1163299,300,Low,73.83903061,26.16096939,2,Advanced
Oxidation,21,9.74E-06,1.02E-05,414.21252,450,Medium,57.91233674,42.08766326,4,Current
Oxidation,22,1.00E-05,1.04E-05,414.5510276,200,High,33.60854056,66.39145944,1,Advanced
Oxidation,23,1.03E-05,1.03E-05,440.1825434,200,Medium,63.73780895,36.26219105,5,Advanced
Oxidation,24,1.06E-05,1.02E-05,460.9582487,300,Low,87.45751707,12.54248293,2,Reduced
Oxidation,25,1.10E-05,1.08E-05,280.1040795,300,Medium,40.51817654,59.48182346,5,Current
Oxidation,26,1.13E-05,1.13E-05,275.6823326,450,Medium,71.40029345,28.59970655,2,Reduced
Oxidation,27,1.16E-05,1.19E-05,409.2328305,200,Medium,42.05602132,57.94397868,5,Current
Oxidation,28,1.20E-05,1.23E-05,342.4837688,300,Low,62.14966107,37.85033893,3,Current
Oxidation,29,1.23E-05,1.21E-05,365.8850948,300,Medium,35.80058698,64.19941302,2,Advanced
Oxidation,30,1.27E-05,1.21E-05,408.1067012,200,Medium,57.02225618,42.97774382,5,Advanced
Oxidation,31,1.31E-05,1.32E-05,450.5024038,200,High,75.36979973,24.63020027,1,Reduced
Oxidation,32,1.35E-05,1.41E-05,202.0978206,450,Medium,50.85429145,49.14570855,3,Advanced
Oxidation,33,1.39E-05,1.45E-05,219.0123287,300,Medium,69.89470347,30.10529653,3,Reduced
Oxidation,34,1.43E-05,1.46E-05,92.29187293,300,High,77.72699765,22.27300235,1,Current
Oxidation,35,1.47E-05,1.48E-05,310.2260634,300,Low,85.63066917,14.36933083,5,Advanced
Oxidation,36,1.52E-05,1.54E-05,66.17402321,450,High,44.07852491,55.92147509,4,Current
Oxidation,37,1.56E-05,1.58E-05,259.5191082,300,Medium,53.95895495,46.04104505,1,Current
Oxidation,38,1.61E-05,1.62E-05,294.1900856,450,Low,39.1449608,60.8550392,5,Advanced
Oxidation,39,1.66E-05,1.64E-05,178.9435635,300,Medium,89.54901013,10.45098987,1,Reduced
Oxidation,40,1.71E-05,1.77E-05,315.8749673,300,Medium,85.62005808,14.37994192,1,Current
Oxidation,41,1.76E-05,1.84E-05,63.72511247,300,Low,62.39742782,37.60257218,2,Advanced
Oxidation,42,1.81E-05,1.74E-05,66.80668494,300,Medium,80.52199766,19.47800234,5,Current
Oxidation,43,1.87E-05,1.78E-05,420.1702523,300,Medium,61.25747864,38.74252136,4,Reduced
Oxidation,44,1.92E-05,1.91E-05,212.0857886,300,Medium,67.41514128,32.58485872,2,Advanced
Oxidation,45,1.98E-05,2.05E-05,107.1772307,300,Low,35.34746593,64.65253407,1,Reduced
Oxidation,46,2.04E-05,2.00E-05,285.009467,450,High,75.31622523,24.68377477,1,Advanced
Oxidation,47,2.10E-05,2.08E-05,396.4970989,300,High,37.66280902,62.33719098,1,Current
Oxidation,48,2.16E-05,2.22E-05,147.1194624,300,High,79.56405782,20.43594218,5,Current
Oxidation,49,2.23E-05,2.16E-05,330.3007141,450,Medium,76.92168526,23.07831474,5,Advanced
Oxidation,50,2.30E-05,2.23E-05,88.40635925,300,Low,72.52468186,27.47531814,2,Advanced
Doping,1,5.39E-06,5.26E-06,73.25677453,200,Medium,32.16962283,67.83037717,4,Current
Doping,2,5.56E-06,5.52E-06,289.1095842,450,Low,48.18770136,51.81229864,2,Current
Doping,3,5.72E-06,5.58E-06,293.2858047,300,Low,45.78675419,54.21324581,3,Current
Doping,4,5.89E-06,5.86E-06,336.8434557,300,Medium,51.60818445,48.39181555,1,Advanced
Doping,5,6.07E-06,6.36E-06,376.7411002,200,Medium,35.25856481,64.74143519,1,Reduced
Doping,6,6.25E-06,6.24E-06,489.1334358,300,Medium,86.21746938,13.78253062,1,Current
Doping,7,6.44E-06,6.27E-06,282.3351567,300,Medium,63.22813444,36.77186556,2,Reduced
Doping,8,6.63E-06,6.78E-06,195.3304128,300,Medium,48.33145864,51.66854136,2,Advanced
Doping,9,6.83E-06,6.72E-06,407.8337876,450,Low,53.81889102,46.18110898,1,Current
Doping,10,7.04E-06,6.79E-06,171.8745131,300,High,56.83215243,43.16784757,2,Current
Doping,11,7.25E-06,7.30E-06,247.5371393,200,Medium,66.03566,33.96434,5,Advanced
Doping,12,7.47E-06,7.62E-06,85.3053716,300,Medium,60.94076566,39.05923434,5,Current
Doping,13,7.69E-06,7.92E-06,61.40783454,300,Low,85.16351839,14.83648161,2,Advanced
Doping,14,7.92E-06,7.53E-06,483.1917866,300,Medium,59.81780897,40.18219103,1,Current
Doping,15,8.16E-06,7.76E-06,426.1910542,200,Medium,89.52948089,10.47051911,2,Current
Doping,16,8.40E-06,8.09E-06,363.1883927,300,Low,81.08549746,18.91450254,2,Advanced
Doping,17,8.66E-06,8.71E-06,234.028825,300,Low,42.51063086,57.48936914,2,Current
Doping,18,8.92E-06,9.04E-06,127.982444,450,Medium,85.83571288,14.16428712,3,Current
Doping,19,9.18E-06,9.36E-06,120.3966692,300,Medium,36.98198387,63.01801613,5,Advanced
Doping,20,9.46E-06,9.43E-06,162.6093042,450,Low,79.04698251,20.95301749,4,Reduced
Doping,21,9.74E-06,9.32E-06,297.1519991,200,High,52.83739761,47.16260239,4,Reduced
Doping,22,1.00E-05,9.91E-06,371.5681652,450,Low,82.67845923,17.32154077,3,Current
Doping,23,1.03E-05,9.88E-06,347.0888195,200,Medium,82.08340141,17.91659859,2,Advanced
Doping,24,1.06E-05,1.06E-05,175.9702536,300,High,78.35552401,21.64447599,3,Current
Doping,25,1.10E-05,1.09E-05,479.6893763,300,Medium,77.40182618,22.59817382,3,Current
Doping,26,1.13E-05,1.16E-05,382.0536125,200,Medium,48.28074835,51.71925165,1,Advanced
Doping,27,1.16E-05,1.18E-05,299.4593236,300,Medium,34.85515698,65.14484302,5,Current
Doping,28,1.20E-05,1.18E-05,325.2743358,300,Low,54.17881073,45.82118927,4,Current
Doping,29,1.23E-05,1.27E-05,238.8200281,300,High,40.4114709,59.5885291,2,Current
Doping,30,1.27E-05,1.30E-05,161.4789453,300,Medium,71.69706533,28.30293467,4,Current
Doping,31,1.31E-05,1.32E-05,210.1877054,300,High,50.76598359,49.23401641,4,Current
Doping,32,1.35E-05,1.36E-05,391.0307497,300,Low,88.53661205,11.46338795,5,Reduced
Doping,33,1.39E-05,1.46E-05,56.47706988,300,Low,68.45832464,31.54167536,4,Advanced
Doping,34,1.43E-05,1.36E-05,102.2326882,300,Low,79.34883382,20.65116618,4,Current
Doping,35,1.47E-05,1.41E-05,70.70118891,200,Medium,37.95148036,62.04851964,3,Reduced
Doping,36,1.52E-05,1.46E-05,68.32796104,450,Medium,81.72086894,18.27913106,5,Current
Doping,37,1.56E-05,1.62E-05,434.9572628,300,High,85.36543143,14.63456857,1,Current
Doping,38,1.61E-05,1.60E-05,366.6460367,300,Medium,59.22371513,40.77628487,2,Current
Doping,39,1.66E-05,1.67E-05,263.3782231,300,High,66.37517627,33.62482373,4,Current
Doping,40,1.71E-05,1.75E-05,94.02537229,450,Low,75.88858805,24.11141195,2,Reduced
Doping,41,1.76E-05,1.71E-05,271.2271438,200,High,40.49031764,59.50968236,1,Current
Doping,42,1.81E-05,1.90E-05,263.0622969,300,Medium,60.15396459,39.84603541,2,Reduced
Doping,43,1.87E-05,1.94E-05,127.9408415,300,Medium,53.91978167,46.08021833,1,Advanced
Doping,44,1.92E-05,1.89E-05,245.2332422,300,High,38.78243953,61.21756047,3,Advanced
Doping,45,1.98E-05,1.88E-05,229.3271305,200,Medium,52.05206534,47.94793466,4,Current
Doping,46,2.04E-05,2.02E-05,327.1325441,450,Medium,34.09033856,65.90966144,1,Advanced
Doping,47,2.10E-05,2.18E-05,335.7921429,450,Low,31.54871442,68.45128558,2,Advanced
Doping,48,2.16E-05,2.26E-05,70.3868044,300,Low,38.10997735,61.89002265,4,Advanced
Doping,49,2.23E-05,2.15E-05,218.5756766,300,High,87.7869067,12.2130933,3,Advanced
Doping,50,2.30E-05,2.31E-05,331.6369621,450,Medium,62.97177215,37.02822785,4,Advanced
Inspection,1,5.39E-06,5.22E-06,276.4113164,300,Medium,87.94932967,12.05067033,1,Reduced
Inspection,2,5.56E-06,5.28E-06,435.4204285,200,Medium,55.9498727,44.0501273,3,Advanced
Inspection,3,5.72E-06,5.76E-06,346.4121342,300,Low,48.70896799,51.29103201,2,Current
Inspection,4,5.89E-06,5.78E-06,123.3204922,300,Low,60.36851177,39.63148823,3,Current
Inspection,5,6.07E-06,5.77E-06,81.75593633,300,Medium,56.37070132,43.62929868,3,Reduced
Inspection,6,6.25E-06,6.55E-06,339.0886752,300,Medium,36.33988106,63.66011894,5,Advanced
Inspection,7,6.44E-06,6.33E-06,61.93008974,450,Low,68.44957888,31.55042112,3,Reduced
Inspection,8,6.63E-06,6.45E-06,313.5990116,450,Medium,42.96229095,57.03770905,3,Current
Inspection,9,6.83E-06,6.51E-06,473.1036086,300,Low,67.17527729,32.82472271,4,Current
Inspection,10,7.04E-06,7.30E-06,308.96338,200,Medium,69.01206554,30.98793446,2,Current
Inspection,11,7.25E-06,7.55E-06,224.6764668,450,Low,39.12149119,60.87850881,4,Reduced
Inspection,12,7.47E-06,7.81E-06,339.4796983,450,Medium,33.68097763,66.31902237,4,Advanced
Inspection,13,7.69E-06,7.42E-06,256.2138007,200,Medium,76.84569516,23.15430484,1,Current
Inspection,14,7.92E-06,7.82E-06,295.5275552,450,Medium,57.58802543,42.41197457,4,Current
Inspection,15,8.16E-06,7.84E-06,473.6591639,450,Low,33.48982773,66.51017227,5,Current
Inspection,16,8.40E-06,8.41E-06,223.746187,300,Low,89.69197903,10.30802097,5,Reduced
Inspection,17,8.66E-06,8.32E-06,482.5357537,300,Medium,33.46683366,66.53316634,1,Advanced
Inspection,18,8.92E-06,8.79E-06,457.4077889,300,Medium,71.70211373,28.29788627,2,Reduced
Inspection,19,9.18E-06,9.55E-06,138.1060107,200,Medium,89.02073552,10.97926448,2,Advanced
Inspection,20,9.46E-06,9.50E-06,81.21258539,300,Low,44.35080625,55.64919375,4,Advanced
Inspection,21,9.74E-06,9.87E-06,95.35010062,450,Medium,38.53496212,61.46503788,4,Advanced
Inspection,22,1.00E-05,9.93E-06,58.19982154,200,High,37.28309637,62.71690363,4,Advanced
Inspection,23,1.03E-05,1.01E-05,92.49933234,300,Medium,48.19650885,51.80349115,2,Current
Inspection,24,1.06E-05,1.05E-05,357.353048,300,Low,36.06274866,63.93725134,3,Advanced
Inspection,25,1.10E-05,1.08E-05,82.03489181,300,Medium,71.5296805,28.4703195,5,Advanced
Inspection,26,1.13E-05,1.14E-05,193.5390336,450,Low,33.73750789,66.26249211,3,Reduced
Inspection,27,1.16E-05,1.13E-05,430.1938899,300,Low,60.56532769,39.43467231,3,Reduced
Inspection,28,1.20E-05,1.15E-05,60.47237108,300,High,89.80181123,10.19818877,2,Reduced
Inspection,29,1.23E-05,1.23E-05,416.5108172,300,Low,78.83821617,21.16178383,3,Reduced
Inspection,30,1.27E-05,1.25E-05,176.8346486,300,Medium,66.91316629,33.08683371,1,Current
Inspection,31,1.31E-05,1.37E-05,103.1741724,300,Medium,48.37521725,51.62478275,4,Advanced
Inspection,32,1.35E-05,1.32E-05,363.5317244,300,Medium,67.43375018,32.56624982,1,Advanced
Inspection,33,1.39E-05,1.46E-05,333.0242811,200,Medium,61.62248783,38.37751217,5,Current
Inspection,34,1.43E-05,1.44E-05,444.8624061,200,Low,55.56500303,44.43499697,4,Advanced
Inspection,35,1.47E-05,1.41E-05,380.7819697,300,Medium,37.8426226,62.1573774,3,Current
Inspection,36,1.52E-05,1.51E-05,411.5664187,300,Medium,83.19625291,16.80374709,5,Advanced
Inspection,37,1.56E-05,1.55E-05,176.9155577,450,Low,56.98707893,43.01292107,4,Advanced
Inspection,38,1.61E-05,1.62E-05,129.8477947,300,Medium,41.67735071,58.32264929,3,Current
Inspection,39,1.66E-05,1.74E-05,387.7766382,300,Low,52.06556105,47.93443895,1,Current
Inspection,40,1.71E-05,1.66E-05,413.0756327,300,Low,54.84778515,45.15221485,4,Current
Inspection,41,1.76E-05,1.68E-05,495.7273139,200,Medium,79.65227373,20.34772627,3,Current
Inspection,42,1.81E-05,1.86E-05,235.6779546,300,Low,74.01686283,25.98313717,1,Advanced
Inspection,43,1.87E-05,1.87E-05,217.4081386,200,Medium,76.15829362,23.84170638,5,Advanced
Inspection,44,1.92E-05,1.85E-05,399.3858323,450,Medium,30.66187587,69.33812413,5,Reduced
Inspection,45,1.98E-05,1.90E-05,203.3615931,200,High,54.96923989,45.03076011,5,Current
Inspection,46,2.04E-05,1.94E-05,468.8407965,300,Low,58.8806491,41.1193509,5,Advanced
Inspection,47,2.10E-05,2.00E-05,436.2857383,200,Low,31.15153661,68.84846339,2,Reduced
Inspection,48,2.16E-05,2.09E-05,243.0473123,450,Low,45.58879252,54.41120748,4,Advanced
Inspection,49,2.23E-05,2.13E-05,387.8919805,300,Medium,75.61738939,24.38261061,4,Current
Inspection,50,2.30E-05,2.37E-05,389.5442933,300,Medium,38.22658234,61.77341766,2,Advanced
Packaging,1,5.39E-06,5.30E-06,96.40574098,200,Low,62.11860789,37.88139211,3,Current
Packaging,2,5.56E-06,5.48E-06,456.148808,300,High,42.91211232,57.08788768,3,Current
Packaging,3,5.72E-06,5.89E-06,277.3635676,300,Low,30.72724648,69.27275352,5,Advanced
Packaging,4,5.89E-06,5.64E-06,421.9058597,450,Medium,44.47208746,55.52791254,1,Reduced
Packaging,5,6.07E-06,6.18E-06,194.0223205,300,Medium,88.55242529,11.44757471,3,Current
Packaging,6,6.25E-06,5.95E-06,452.9854528,200,High,78.09222671,21.90777329,1,Advanced
Packaging,7,6.44E-06,6.60E-06,225.1407554,200,Medium,87.57459866,12.42540134,4,Advanced
Packaging,8,6.63E-06,6.57E-06,54.87694317,300,High,59.27124264,40.72875736,1,Advanced
Packaging,9,6.83E-06,7.14E-06,457.4218894,300,Medium,36.58417192,63.41582808,4,Advanced
Packaging,10,7.04E-06,6.71E-06,91.07900455,200,High,62.87756934,37.12243066,2,Current
Packaging,11,7.25E-06,7.24E-06,193.6911369,300,Low,57.26264007,42.73735993,2,Reduced
Packaging,12,7.47E-06,7.54E-06,477.5278852,300,High,80.66142496,19.33857504,5,Current
Packaging,13,7.69E-06,7.64E-06,477.7732161,300,Medium,35.88495485,64.11504515,3,Advanced
Packaging,14,7.92E-06,7.67E-06,308.0470497,300,High,59.29446822,40.70553178,5,Advanced
Packaging,15,8.16E-06,8.01E-06,334.3267455,300,Medium,39.00291988,60.99708012,4,Advanced
Packaging,16,8.40E-06,8.73E-06,251.8004849,300,Medium,49.48055561,50.51944439,5,Current
Packaging,17,8.66E-06,8.79E-06,181.9448473,200,Medium,74.24142464,25.75857536,1,Current
Packaging,18,8.92E-06,8.59E-06,197.8990454,200,Medium,58.56108776,41.43891224,4,Advanced
Packaging,19,9.18E-06,9.20E-06,352.6333052,450,Low,52.55329711,47.44670289,2,Current
Packaging,20,9.46E-06,9.15E-06,388.5685382,450,Low,53.66857671,46.33142329,3,Reduced
Packaging,21,9.74E-06,9.66E-06,406.2105697,300,Low,57.5668061,42.4331939,4,Current
Packaging,22,1.00E-05,1.04E-05,405.3281643,300,Low,77.10099263,22.89900737,4,Reduced
Packaging,23,1.03E-05,1.07E-05,91.04274637,300,High,83.52508134,16.47491866,1,Current
Packaging,24,1.06E-05,1.12E-05,272.4891371,300,Low,87.32008119,12.67991881,3,Current
Packaging,25,1.10E-05,1.14E-05,75.90144201,200,High,77.21420318,22.78579682,2,Current
Packaging,26,1.13E-05,1.09E-05,297.287997,200,Medium,48.92441374,51.07558626,4,Current
Packaging,27,1.16E-05,1.14E-05,248.6887256,300,Low,71.28808237,28.71191763,4,Advanced
Packaging,28,1.20E-05,1.18E-05,449.4668822,300,Medium,56.25618744,43.74381256,1,Advanced
Packaging,29,1.23E-05,1.29E-05,207.9117556,200,Medium,45.28023732,54.71976268,5,Advanced
Packaging,30,1.27E-05,1.26E-05,102.6801574,300,Medium,80.45229477,19.54770523,2,Current
Packaging,31,1.31E-05,1.32E-05,114.3462569,300,Medium,32.30558094,67.69441906,3,Advanced
Packaging,32,1.35E-05,1.29E-05,392.6797843,300,Medium,84.10571953,15.89428047,4,Reduced
Packaging,33,1.39E-05,1.35E-05,328.1981285,200,Low,57.68864788,42.31135212,4,Current
Packaging,34,1.43E-05,1.36E-05,95.50520426,200,High,68.23208861,31.76791139,2,Current
Packaging,35,1.47E-05,1.45E-05,87.84806275,300,High,69.56123533,30.43876467,5,Advanced
Packaging,36,1.52E-05,1.53E-05,365.4361092,200,Medium,83.70706444,16.29293556,4,Reduced
Packaging,37,1.56E-05,1.53E-05,82.74335286,300,Low,68.20018093,31.79981907,2,Reduced
Packaging,38,1.61E-05,1.67E-05,419.8370267,300,Medium,66.83601509,33.16398491,1,Current
Packaging,39,1.66E-05,1.58E-05,367.8090022,200,Low,33.99912243,66.00087757,5,Advanced
Packaging,40,1.71E-05,1.68E-05,86.60695129,300,Low,61.10448132,38.89551868,3,Current
Packaging,41,1.76E-05,1.81E-05,88.17697134,300,Low,39.01014005,60.98985995,4,Advanced
Packaging,42,1.81E-05,1.77E-05,493.9878103,450,Medium,74.24602612,25.75397388,2,Advanced
Packaging,43,1.87E-05,1.92E-05,218.4218581,450,High,60.73331525,39.26668475,1,Current
Packaging,44,1.92E-05,1.95E-05,216.7889662,300,Medium,70.81366675,29.18633325,3,Current
Packaging,45,1.98E-05,1.99E-05,415.7598053,300,Medium,32.50037404,67.49962596,2,Current
Packaging,46,2.04E-05,2.08E-05,476.2618598,300,Medium,35.08752096,64.91247904,2,Reduced
Packaging,47,2.10E-05,2.19E-05,493.7004787,300,Medium,72.97940328,27.02059672,3,Current
Packaging,48,2.16E-05,2.10E-05,389.0201834,450,Medium,34.32506016,65.67493984,1,Current
Packaging,49,2.23E-05,2.23E-05,219.3168135,200,High,34.27540367,65.72459633,1,Advanced
Packaging,50,2.30E-05,2.24E-05,87.57532251,200,Low,30.72650851,69.27349149,5,Reduced