Wafer Step,Year,Synthetic_Water_per_Wafer,Synthetic_Water_per_Wafer_noisy,Investment_Level,Wafer_Size,Water_Efficiency_Level,Percent_Reclaimed_Water,Percent_Municipal_Water,Reclamation_Tech_Level,Wafer_Intention
Cleaning,1,3.236396166326208e-05,3.374869422546247e-05,218.5430534813131,300,Low,82.02188976734692,17.97811023265308,5,Reduced
Cleaning,2,3.333488051315994e-05,3.172635497567117e-05,477.8214378844623,300,Low,64.7205245143436,35.279475485656405,4,Reduced
Cleaning,3,3.433492692855474e-05,3.496053646617719e-05,379.3972738151323,300,Low,56.31692515137543,43.68307484862457,5,Advanced
Cleaning,4,3.536497473641138e-05,3.527920512641391e-05,319.3963178886665,450,Medium,73.51545962490819,26.48454037509181,2,Advanced
Cleaning,5,3.642592397850373e-05,3.498180498676632e-05,120.20838819909643,200,Medium,59.200136485482176,40.799863514517824,4,Current
Cleaning,6,3.751870169785884e-05,3.836797268501566e-05,120.1975341512912,300,High,82.40539428489964,17.594605715100357,3,Advanced
Cleaning,7,3.86442627487946e-05,4.03755946943402e-05,76.13762547568976,200,High,84.04211184067552,15.957888159324483,4,Advanced
Cleaning,8,3.980359063125844e-05,4.044828937369813e-05,439.7792655987208,300,Medium,55.30325561240733,44.69674438759267,3,Advanced
Cleaning,9,4.09976983501962e-05,4.286406844631605e-05,320.50175528444396,200,Low,46.60966783410309,53.39033216589691,3,Current
Cleaning,10,4.222762930070208e-05,4.173249447621515e-05,368.63266000822045,200,Medium,65.54101971560173,34.458980284398265,4,Advanced
Cleaning,11,4.349445817972315e-05,4.273501373824117e-05,59.263022433111104,200,Medium,84.74180073700145,15.258199262998545,3,Current
Cleaning,12,4.479929192511484e-05,4.378854766368333e-05,486.45943347289744,300,Low,42.63973134033999,57.36026865966001,3,Reduced
Cleaning,13,4.614327068286829e-05,4.392312834887023e-05,424.59918836018977,300,Medium,67.37799501380897,32.62200498619103,2,Advanced
Cleaning,14,4.752756880335434e-05,4.731070789642216e-05,145.55259980522428,300,Medium,67.89361320555123,32.10638679444877,5,Advanced
Cleaning,15,4.895339586745498e-05,4.660672440059716e-05,131.82123524319528,450,Medium,73.98678134491686,26.013218655083136,5,Advanced
Cleaning,16,5.042199774347862e-05,4.864108312840568e-05,132.53202943404523,300,Medium,37.894061107635586,62.105938892364414,2,Reduced
Cleaning,17,5.193465767578298e-05,5.006377464653549e-05,186.90900933179196,300,Low,72.94949788092532,27.05050211907468,4,Advanced
Cleaning,18,5.349269740605647e-05,5.305461105825399e-05,286.140394234507,450,High,84.54195123993847,15.45804876006153,1,Advanced
Cleaning,19,5.509747832823817e-05,5.451729811755509e-05,244.3752583889521,300,Medium,40.78098653221452,59.21901346778548,1,Advanced
Cleaning,20,5.675040267808532e-05,5.928898562709023e-05,181.05311308911885,450,Low,44.25259949543266,55.74740050456734,1,Current
Cleaning,21,5.845291475842788e-05,5.828568738277195e-05,325.33380262507075,200,High,88.28370564249838,11.716294357501624,2,Current
Cleaning,22,6.020650220118071e-05,6.157436766108793e-05,112.77223729341883,450,Medium,40.85861716256939,59.14138283743061,2,Current
Cleaning,23,6.201269726721614e-05,6.49963071984121e-05,181.46509184084817,200,High,81.26310560217475,18.736894397825253,3,Reduced
Cleaning,24,6.387307818523262e-05,6.577592356387357e-05,214.86282948216126,450,Medium,59.53667138688209,40.46332861311791,1,Advanced
Cleaning,25,6.578927053078961e-05,6.613169204807336e-05,255.23149289766616,300,Medium,44.833864464190626,55.166135535809374,4,Reduced
Cleaning,26,6.77629486467133e-05,6.97887790012654e-05,403.3291826268561,450,Low,82.24499407635068,17.75500592364932,4,Advanced
Cleaning,27,6.97958371061147e-05,6.918038047375604e-05,139.85320197126188,200,Low,56.71831530015993,43.28168469984007,1,Reduced
Cleaning,28,7.188971221929815e-05,7.155733321514247e-05,281.4054972861252,300,Medium,60.88904123578141,39.11095876421859,1,Current
Cleaning,29,7.404640358587708e-05,7.271560352837842e-05,316.5865559879191,450,Medium,51.55400216398594,48.44599783601406,1,Reduced
Cleaning,30,7.626779569345341e-05,7.731135597035696e-05,70.90268572399897,300,Low,65.57705108609565,34.42294891390435,2,Advanced
Cleaning,31,7.8555829564257e-05,7.502712392278993e-05,323.39518335564725,300,Low,39.81143235510137,60.18856764489863,2,Advanced
Cleaning,32,8.091250445118471e-05,8.028835692932357e-05,126.73585565928119,300,High,53.46489219910564,46.53510780089436,2,Advanced
Cleaning,33,8.333987958472025e-05,8.02016718225135e-05,79.27321684337578,300,High,88.16473934011725,11.83526065988275,5,Advanced
Cleaning,34,8.584007597226187e-05,8.664959093945086e-05,476.99849176399994,300,Medium,45.48800596206765,54.51199403793235,4,Advanced
Cleaning,35,8.841527825142972e-05,9.225633400337798e-05,484.53441488355173,300,Low,69.40419987247753,30.595800127522466,4,Advanced
Cleaning,36,9.106773659897263e-05,8.760990753984776e-05,413.7788066524075,450,Low,49.511403853481696,50.488596146518304,3,Advanced
Cleaning,37,9.379976869694181e-05,9.52733727586113e-05,187.07619612801682,200,Low,76.40838754119605,23.59161245880395,2,Current
Cleaning,38,9.661376175785005e-05,9.204550943951948e-05,93.95245130287273,300,High,37.85241964310099,62.14758035689901,5,Reduced
Cleaning,39,9.951217461058557e-05,0.0001037678815531314,357.9048619304706,450,Low,88.18926270471269,11.81073729528731,5,Current
Cleaning,40,0.0001024975398489031,0.0001043713156324246,248.06862218282058,450,Medium,57.22737248301836,42.77262751698164,4,Advanced
Cleaning,41,0.0001055724660443702,0.0001045485148150834,104.91720568015047,300,Low,44.16302780078784,55.83697219921216,2,Current
Cleaning,42,0.0001087396400257013,0.0001078209527087948,272.8296095500716,300,Medium,34.409804839800756,65.59019516019924,3,Advanced
Cleaning,43,0.0001120018292264724,0.0001159015714370041,65.47483450184828,300,Medium,40.18547430525244,59.81452569474756,2,Reduced
Cleaning,44,0.0001153618841032666,0.0001125160044079564,459.1941809354519,200,High,61.186436913361064,38.813563086638936,1,Advanced
Cleaning,45,0.0001188227406263646,0.0001230053933352389,166.4509917200076,300,Low,50.22019058587718,49.77980941412282,2,Current
Cleaning,46,0.0001223874228451555,0.000119612985924501,348.1350279592919,300,Low,79.73300195295657,20.26699804704343,1,Reduced
Cleaning,47,0.0001260590455305102,0.0001273602394311063,190.26998424023492,300,Low,55.85325141970836,44.14674858029164,1,Reduced
Cleaning,48,0.0001298408168964255,0.0001334228621536891,284.0306095300149,200,High,44.92285635525779,55.07714364474221,3,Current
Cleaning,49,0.0001337360414033182,0.000132698935366827,296.01962570447586,450,High,67.0286991962418,32.9713008037582,4,Reduced
Cleaning,50,0.0001377481226454178,0.0001436922070431094,133.18450498648718,450,Medium,72.40663301312675,27.59336698687325,2,Reduced
Photolithography,1,1.618198083163104e-05,1.644407814058954e-05,486.31308249405134,300,Medium,40.02251447405699,59.97748552594301,1,Current
Photolithography,2,1.666744025657997e-05,1.624018558941882e-05,398.80977051250153,300,Medium,40.05715297729906,59.94284702270094,2,Current
Photolithography,3,1.716746346427737e-05,1.653902931971408e-05,472.7745237038851,300,Low,32.20028561601258,67.79971438398742,4,Current
Photolithography,4,1.768248736820569e-05,1.749957229727787e-05,452.67230769244196,450,High,74.18412090393844,25.815879096061565,4,Current
Photolithography,5,1.821296198925186e-05,1.779416577985258e-05,319.0549904649883,300,Medium,69.8282716573083,30.171728342691694,5,Current
Photolithography,6,1.875935084892942e-05,1.897443912958134e-05,464.84340576040256,200,Medium,58.477852544988835,41.522147455011165,4,Current
Photolithography,7,1.93221313743973e-05,2.000964841445113e-05,89.82162592336377,450,Medium,80.65022693815183,19.34977306184817,3,Advanced
Photolithography,8,1.990179531562922e-05,1.933772594723918e-05,138.19228808861533,450,Low,78.34020917700319,21.65979082299681,1,Advanced
Photolithography,9,2.04988491750981e-05,2.130328539120744e-05,70.35228000974213,450,Low,65.12126186380513,34.87873813619487,5,Advanced
Photolithography,10,2.111381465035104e-05,2.12845222833745e-05,196.39864884346895,300,Medium,82.09627683079552,17.903723169204483,3,Advanced
Photolithography,11,2.174722908986157e-05,2.268138915213901e-05,224.9047803602669,300,Low,42.350472602206096,57.649527397793904,2,Advanced
Photolithography,12,2.239964596255742e-05,2.349893288271701e-05,172.10706429825316,300,Medium,36.71517716386367,63.28482283613633,1,Current
Photolithography,13,2.307163534143415e-05,2.283139221122393e-05,422.9318791183682,450,Low,46.18497669101937,53.81502330898063,4,Advanced
Photolithography,14,2.376378440167717e-05,2.28957715939538e-05,210.53899701211517,450,Medium,33.42521136535889,66.57478863464111,1,Reduced
Photolithography,15,2.447669793372749e-05,2.563104726278438e-05,176.42052935932134,200,Low,61.87017168006192,38.12982831993808,2,Advanced
Photolithography,16,2.521099887173931e-05,2.605866916146343e-05,294.21323742121183,200,Medium,86.19634153769769,13.803658462302309,5,Advanced
Photolithography,17,2.596732883789149e-05,2.533681808617597e-05,113.41590123864319,300,Medium,32.36061244011058,67.63938755988943,5,Current
Photolithography,18,2.674634870302824e-05,2.609470879462644e-05,410.98864133931784,450,Low,37.32659484060161,62.67340515939839,5,Current
Photolithography,19,2.754873916411909e-05,2.830647967105738e-05,83.54778965589688,450,Medium,57.13194169700611,42.86805830299389,4,Advanced
Photolithography,20,2.837520133904266e-05,2.802688948014687e-05,494.0991214702328,200,Medium,86.0325010516743,13.967498948325698,3,Reduced
Photolithography,21,2.922645737921394e-05,2.924790722844213e-05,397.51014618349586,300,Medium,48.96936629860503,51.03063370139497,3,Reduced
Photolithography,22,3.010325110059036e-05,2.942033807567772e-05,139.4220566903776,300,High,60.43408852130355,39.56591147869645,1,Advanced
Photolithography,23,3.100634863360807e-05,2.970543812202846e-05,52.48495270562108,450,Medium,32.494371543023526,67.50562845697647,4,Advanced
Photolithography,24,3.193653909261631e-05,3.203244611680989e-05,416.95764280467534,450,Low,38.90059205772533,61.09940794227467,5,Reduced
Photolithography,25,3.289463526539481e-05,3.209895180175521e-05,368.0858047314277,450,Low,89.19780737753081,10.802192622469192,5,Current
Photolithography,26,3.388147432335665e-05,3.455348561153946e-05,378.0532256184443,300,Low,87.90712178616273,12.092878213837267,2,Current
Photolithography,27,3.489791855305735e-05,3.56428389480465e-05,397.0716560086756,300,Medium,30.296398856064577,69.70360114393543,2,Reduced
Photolithography,28,3.594485610964907e-05,3.649592810187456e-05,83.32009328034067,300,Low,87.10870712539435,12.891292874605654,5,Advanced
Photolithography,29,3.702320179293854e-05,3.54806666352785e-05,211.30957784492267,200,Medium,68.34719626893002,31.65280373106998,5,Current
Photolithography,30,3.81338978467267e-05,3.857323847455514e-05,102.14107678630837,450,Medium,82.07509767120132,17.92490232879868,4,Advanced
Photolithography,31,3.92779147821285e-05,3.922545374899515e-05,438.3965416440171,450,Medium,57.28439133803155,42.71560866196845,3,Current
Photolithography,32,4.045625222559235e-05,3.984411496657857e-05,330.48415707240105,450,Medium,60.93576171475502,39.06423828524498,2,Current
Photolithography,33,4.166993979236013e-05,4.029096317498655e-05,198.90411118369212,450,Low,59.33079481541521,40.66920518458479,3,Current
Photolithography,34,4.292003798613093e-05,4.297864912005183e-05,78.60125762871064,300,Low,70.01185545276627,29.98814454723373,4,Advanced
Photolithography,35,4.420763912571486e-05,4.219161715449958e-05,189.94204477204798,300,Medium,38.379075285378775,61.620924714621225,5,Advanced
Photolithography,36,4.553386829948631e-05,4.620909392872645e-05,196.33249491203617,450,Medium,31.798415392360678,68.20158460763932,3,Current
Photolithography,37,4.68998843484709e-05,4.891426868905754e-05,378.32278025212884,450,Medium,48.47579649547146,51.52420350452854,5,Current
Photolithography,38,4.830688087892503e-05,4.656296000639377e-05,336.9008621098459,300,Medium,72.2808457641988,27.7191542358012,5,Current
Photolithography,39,4.975608730529279e-05,5.076475863983982e-05,449.24573415934697,300,Low,42.1112071273769,57.8887928726231,1,Advanced
Photolithography,40,5.124876992445157e-05,4.883560336754514e-05,262.4967163228772,200,High,70.40594599949503,29.59405400050497,3,Reduced
Photolithography,41,5.278623302218512e-05,5.522799963274253e-05,103.81741067223577,450,Medium,88.19472276643623,11.805277233563771,3,Advanced
Photolithography,42,5.436982001285067e-05,5.676331314224729e-05,370.9601542503477,300,Medium,35.6340429473651,64.3659570526349,5,Reduced
Photolithography,43,5.600091461323619e-05,5.819956729034858e-05,392.35327187760385,300,Low,70.35612709350758,29.64387290649242,4,Advanced
Photolithography,44,5.768094205163328e-05,5.913634395942926e-05,302.5747389062733,300,Medium,56.62501315827427,43.37498684172573,1,Current
Photolithography,45,5.941137031318228e-05,6.226551908757837e-05,396.93523097955244,300,Medium,82.08853526265032,17.911464737349675,5,Advanced
Photolithography,46,6.119371142257774e-05,6.319021401916222e-05,272.20801836397584,300,Low,40.628987366843155,59.371012633156845,2,Reduced
Photolithography,47,6.302952276525508e-05,6.570786869849252e-05,285.2297732218973,200,High,71.55755713356987,28.442442866430127,2,Current
Photolithography,48,6.492040844821273e-05,6.690263641366597e-05,242.39345826134732,300,Low,80.28691737888661,19.713082621113386,1,Advanced
Photolithography,49,6.686802070165912e-05,6.659880264721973e-05,61.43860703484283,300,High,86.6768531684414,13.323146831558603,4,Advanced
Photolithography,50,6.887406132270889e-05,7.058000658049943e-05,98.551142146987,300,Medium,70.99488169737876,29.00511830262124,5,Advanced
CMP,1,1.618198083163104e-05,1.61614728750085e-05,64.14313355903042,300,Low,59.83048584050564,40.16951415949436,3,Advanced
CMP,2,1.666744025657997e-05,1.703153941062774e-05,336.3846850687012,450,Medium,67.07083441207283,32.92916558792717,1,Reduced
CMP,3,1.716746346427737e-05,1.737940201377765e-05,191.460191484347,300,High,82.1342990687231,17.865700931276905,4,Current
CMP,4,1.768248736820569e-05,1.721385790080567e-05,278.85681102411627,300,Medium,64.23658479832977,35.76341520167023,3,Current
CMP,5,1.821296198925186e-05,1.754726445015806e-05,458.40491326674186,450,High,31.82322358181021,68.17677641818979,2,Current
CMP,6,1.875935084892942e-05,1.831129750083871e-05,162.18150311699372,300,Medium,85.85692173041866,14.143078269581338,2,Current
CMP,7,1.93221313743973e-05,1.935480264620681e-05,234.6723153660334,200,Medium,71.37160506189366,28.62839493810634,3,Advanced
CMP,8,1.990179531562922e-05,2.059749125365506e-05,389.9980123443719,200,High,70.59080314663478,29.409196853365216,1,Advanced
CMP,9,2.04988491750981e-05,1.971279471903877e-05,152.9591744712301,300,Low,42.94050914386303,57.05949085613697,2,Current
CMP,10,2.111381465035104e-05,2.023246553276147e-05,84.64095942295685,300,Medium,69.53312821395943,30.46687178604057,5,Reduced
CMP,11,2.174722908986157e-05,2.260887267837721e-05,180.38815381119562,300,Low,53.63186433924951,46.36813566075049,3,Advanced
CMP,12,2.239964596255742e-05,2.248005232603531e-05,122.54957926430198,300,High,69.07397862248953,30.926021377510466,3,Advanced
CMP,13,2.307163534143415e-05,2.309638239268282e-05,468.36394355415786,200,High,36.39558181847944,63.60441818152056,2,Current
CMP,14,2.376378440167717e-05,2.359802366622448e-05,413.65417080398765,200,Low,69.47071827618217,30.52928172381783,1,Reduced
CMP,15,2.447669793372749e-05,2.543944536548496e-05,335.03169042969057,300,Medium,89.96482354623998,10.035176453760016,5,Advanced
CMP,16,2.521099887173931e-05,2.562431008148879e-05,442.15726558447295,300,High,32.892722331633365,67.10727766836663,1,Current
CMP,17,2.596732883789149e-05,2.678548185186376e-05,411.6524346046015,300,Low,88.63045105327905,11.369548946720954,4,Reduced
CMP,18,2.674634870302824e-05,2.596735406866711e-05,133.95652649871613,300,Medium,54.41447764337224,45.58552235662776,4,Advanced
CMP,19,2.754873916411909e-05,2.636981472092461e-05,451.65154932049,450,High,82.24520702023554,17.75479297976446,2,Advanced
CMP,20,2.837520133904266e-05,2.797459458050988e-05,292.7040088620428,300,Low,76.94312904349641,23.056870956503587,2,Current
CMP,21,2.922645737921394e-05,2.780346933543138e-05,413.34806982382815,300,Medium,64.02097565920008,35.979024340799924,2,Reduced
CMP,22,3.010325110059036e-05,3.108650315644996e-05,453.24108496557193,300,Low,74.30695255507959,25.69304744492041,4,Advanced
CMP,23,3.100634863360807e-05,3.198159677262755e-05,193.10156373733875,300,High,82.71093367808086,17.289066321919137,1,Current
CMP,24,3.193653909261631e-05,3.231623453228826e-05,99.52336603745454,300,High,54.24841929906198,45.75158070093802,1,Current
CMP,25,3.289463526539481e-05,3.360981453764034e-05,152.57082314387375,450,High,49.62198969379432,50.37801030620568,2,Current
CMP,26,3.388147432335665e-05,3.399305725636126e-05,242.19850488181535,450,Medium,70.05560313381508,29.944396866184917,5,Current
CMP,27,3.489791855305735e-05,3.544931136723209e-05,418.1066446651219,200,High,78.47075651647552,21.529243483524482,1,Current
CMP,28,3.594485610964907e-05,3.756262740372275e-05,437.32876246535454,450,High,75.73710808659695,24.262891913403053,4,Current
CMP,29,3.702320179293854e-05,3.532426629669841e-05,53.128458739035814,300,Medium,77.86881893151806,22.131181068481936,3,Current
CMP,30,3.81338978467267e-05,3.927023133074373e-05,279.8362861599046,300,High,56.13499888877598,43.86500111122402,3,Current
CMP,31,3.92779147821285e-05,4.023158568678087e-05,237.83495141695056,300,Low,79.0700529705013,20.929947029498706,3,Current
CMP,32,4.045625222559235e-05,3.88454759936423e-05,149.9485147118286,450,Medium,37.212543322236506,62.787456677763494,5,Reduced
CMP,33,4.166993979236013e-05,3.98184430839233e-05,103.93941530015726,300,Low,62.669345877650976,37.330654122349024,2,Advanced
CMP,34,4.292003798613093e-05,4.177854448008649e-05,201.9268271316326,300,Low,30.345519629887296,69.65448037011271,4,Reduced
CMP,35,4.420763912571486e-05,4.398654806830823e-05,474.3093667606336,300,Low,49.47514979401622,50.52485020598378,5,Reduced
CMP,36,4.553386829948631e-05,4.745286741850292e-05,195.44131940933985,300,Medium,51.98769209228387,48.01230790771613,4,Advanced
CMP,37,4.68998843484709e-05,4.584899372066083e-05,283.45577978451473,200,Medium,53.770361496555324,46.229638503444676,4,Current
CMP,38,4.830688087892503e-05,4.937915812684886e-05,366.35853150283003,200,Medium,71.72803240139173,28.27196759860827,2,Current
CMP,39,4.975608730529279e-05,4.866449051315229e-05,213.63332107068229,200,Low,53.31348607622074,46.68651392377926,3,Advanced
CMP,40,5.124876992445157e-05,4.884642322815552e-05,487.3019372244323,200,Medium,56.921617357351835,43.078382642648165,2,Advanced
CMP,41,5.278623302218512e-05,5.472162059212765e-05,483.1012827239501,200,Medium,44.252647852459646,55.747352147540354,5,Advanced
CMP,42,5.436982001285067e-05,5.584574050552254e-05,163.30203312141387,300,Medium,52.39510749776041,47.60489250223959,5,Advanced
CMP,43,5.600091461323619e-05,5.461627858909084e-05,273.7618276515734,200,Medium,43.63617763578909,56.36382236421091,5,Reduced
CMP,44,5.768094205163328e-05,5.866641359688999e-05,185.39523941754635,300,Medium,34.39175542610662,65.60824457389339,2,Advanced
CMP,45,5.941137031318228e-05,5.692299120112622e-05,178.17822246986043,450,High,66.20691560288267,33.793084397117326,4,Reduced
CMP,46,6.119371142257774e-05,5.932799838438432e-05,66.59912630953976,300,Medium,70.09276791330097,29.907232086699025,4,Current
CMP,47,6.302952276525508e-05,6.227255483606398e-05,324.3039502909536,300,Low,67.16942076057687,32.83057923942313,1,Reduced
CMP,48,6.492040844821273e-05,6.499868252852627e-05,276.2055604529877,200,Low,57.80964262803434,42.19035737196566,5,Current
CMP,49,6.686802070165912e-05,6.651676995910511e-05,73.16543806249521,200,High,52.78714681075379,47.21285318924621,4,Advanced
CMP,50,6.887406132270889e-05,6.905154794419535e-05,175.39090890647515,200,Low,81.80001897430952,18.199981025690477,1,Current
Etching,1,1.078798722108736e-05,1.033032124916955e-05,458.7196486849942,200,High,61.144907108173086,38.855092891826914,4,Advanced
Etching,2,1.111162683771998e-05,1.104916924350932e-05,157.8028508001376,300,Medium,58.75091265778386,41.24908734221614,5,Current
Etching,3,1.144497564285158e-05,1.11613376045161e-05,115.20269244105039,200,High,31.538523948386143,68.46147605161386,3,Reduced
Etching,4,1.178832491213713e-05,1.18150956937478e-05,270.2537421249034,200,Medium,50.474869657569386,49.525130342430614,5,Advanced
Etching,5,1.214197465950124e-05,1.258306771816826e-05,493.5427043497703,200,High,52.811737127151424,47.188262872848576,2,Advanced
Etching,6,1.250623389928628e-05,1.219174464281073e-05,158.92487218017519,300,Medium,53.92936685381403,46.07063314618597,4,Current
Etching,7,1.288142091626487e-05,1.343363869496705e-05,352.4609963326453,300,Medium,64.81034215363994,35.18965784636006,4,Reduced
Etching,8,1.326786354375282e-05,1.315205994581181e-05,392.7288268979229,300,Medium,62.016152803612705,37.983847196387295,2,Current
Etching,9,1.36658994500654e-05,1.432023399749724e-05,156.93689479657985,300,Medium,66.47430556760668,33.52569443239332,2,Advanced
Etching,10,1.407587643356736e-05,1.460841540288687e-05,377.6973568753368,300,Medium,75.8929956925277,24.107004307472295,3,Current
Etching,11,1.449815272657439e-05,1.440908408084931e-05,215.50240972366396,200,High,78.7791443229656,21.220855677034393,4,Advanced
Etching,12,1.493309730837162e-05,1.530668628007978e-05,334.53762376711074,300,High,73.08738457358967,26.912615426410326,4,Current
Etching,13,1.538109022762276e-05,1.597847617571037e-05,335.08836984240264,300,Medium,87.33142175729608,12.668578242703916,3,Reduced
Etching,14,1.584252293445145e-05,1.572256359705018e-05,291.0986078336413,200,Medium,31.093954960581698,68.9060450394183,1,Current
Etching,15,1.631779862248499e-05,1.589956748243472e-05,90.63039652448373,450,Medium,41.74667914101276,58.25332085898724,3,Reduced
Etching,16,1.680733258115954e-05,1.667102575783058e-05,425.88612301515707,450,Medium,30.453772498688526,69.54622750131148,5,Advanced
Etching,17,1.731155255859433e-05,1.681134659146277e-05,194.35102923728113,200,Low,68.84848284927618,31.15151715072382,4,Current
Etching,18,1.783089913535216e-05,1.839473992826853e-05,133.9333296799344,300,Low,83.88183293699922,16.118167063000783,2,Reduced
Etching,19,1.836582610941273e-05,1.905293378339156e-05,68.34881369964376,450,Medium,44.608937794577955,55.391062205422045,5,Advanced
Etching,20,1.891680089269511e-05,1.845577742897529e-05,315.90182443470883,300,Low,85.6220726877784,14.377927312221601,4,Reduced
Etching,21,1.948430491947596e-05,1.89064112645079e-05,354.9039628290271,200,Low,33.61604341737365,66.38395658262635,3,Advanced
Etching,22,2.006883406706024e-05,1.99248437641933e-05,57.46452301753527,300,Low,86.06616160833086,13.933838391669141,5,Current
Etching,23,2.067089908907205e-05,2.020949424560332e-05,280.44187623467644,300,Low,51.09736123437806,48.90263876562194,4,Reduced
Etching,24,2.129102606174421e-05,2.138586274343351e-05,151.92309883907208,300,Low,36.08524970695299,63.91475029304701,1,Current
Etching,25,2.192975684359654e-05,2.112727123250079e-05,340.32775568425245,300,High,59.15230555117954,40.84769444882046,1,Advanced
Etching,26,2.258764954890444e-05,2.174760362615345e-05,128.46489305224617,300,Medium,45.40659406323048,54.59340593676952,2,Current
Etching,27,2.326527903537157e-05,2.437733125574123e-05,360.92198214610966,300,Medium,47.092374117715366,52.907625882284634,4,Current
Etching,28,2.396323740643272e-05,2.286879293177555e-05,224.03090583524184,300,Medium,48.43739789557719,51.56260210442281,1,Reduced
Etching,29,2.46821345286257e-05,2.498477677879735e-05,471.52849493153053,200,Low,78.1815538699598,21.8184461300402,3,Current
Etching,30,2.542259856448447e-05,2.475302992126376e-05,111.88442486569696,300,High,62.34967660051527,37.65032339948473,4,Advanced
Etching,31,2.6185276521419e-05,2.511556295163887e-05,203.47985797261632,300,Medium,48.67846194936022,51.32153805063978,3,Current
Etching,32,2.697083481706157e-05,2.590796894969352e-05,101.06308455826507,450,Low,66.6200269986551,33.379973001344894,3,Current
Etching,33,2.777995986157343e-05,2.723846221818514e-05,466.1121282253533,300,Medium,72.96904045339161,27.030959546608386,1,Current
Etching,34,2.861335865742063e-05,2.939598028618614e-05,444.80270902144144,300,High,46.35744004401202,53.64255995598798,4,Current
Etching,35,2.947175941714324e-05,3.005912288888527e-05,166.07373247182002,200,High,54.81294609152109,45.18705390847891,5,Reduced
Etching,36,3.035591219965755e-05,3.019775519711094e-05,346.99282071538056,300,Medium,37.313165600216855,62.686834399783145,1,Current
Etching,37,3.126658956564727e-05,3.163463901513995e-05,417.7499900905471,300,Medium,40.86896097208082,59.13103902791918,1,Current
Etching,38,3.220458725261669e-05,3.368336623069484e-05,299.84036521975804,300,Low,70.86707123789897,29.13292876210103,4,Advanced
Etching,39,3.31707248701952e-05,3.222364832644646e-05,288.3427602602029,300,High,40.88630086173762,59.11369913826238,4,Advanced
Etching,40,3.416584661630105e-05,3.391631314242803e-05,158.83353090520325,300,Low,61.50980302002361,38.49019697997639,3,Advanced
Etching,41,3.519082201479009e-05,3.462834208676134e-05,91.89624551265464,200,High,72.54277570334597,27.457224296654033,4,Advanced
Etching,42,3.624654667523379e-05,3.537320065935119e-05,453.747091078997,300,Medium,36.41261538568463,63.58738461431537,3,Current
Etching,43,3.73339430754908e-05,3.549322505165627e-05,455.18812572349873,300,Medium,64.03873317773422,35.961266822265785,1,Current
Etching,44,3.845396136775552e-05,3.976292669387468e-05,334.8956557729706,300,Medium,45.393767022081825,54.606232977918175,2,Current
Etching,45,3.96075802087882e-05,3.993072856768867e-05,202.5634059719153,200,Low,87.77561251425479,12.224387485745211,5,Reduced
Etching,46,4.079580761505184e-05,4.099748408596706e-05,207.1443085756974,450,Low,59.01273880319548,40.98726119680452,1,Reduced
Etching,47,4.20196818435034e-05,4.295181493847922e-05,376.68005549160773,300,Low,78.35955298650948,21.640447013490515,4,Reduced
Etching,48,4.328027229880849e-05,4.37813493986684e-05,453.6996169786597,300,Low,63.01359252937571,36.98640747062429,5,Current
Etching,49,4.457868046777275e-05,4.235047789572847e-05,449.18889091930276,300,Medium,32.60475197128915,67.39524802871085,2,Current
Etching,50,4.591604088180593e-05,4.692300537664432e-05,400.9439956359307,300,Medium,67.98908253564134,32.010917464358656,2,Current
Deposition,1,1.078798722108736e-05,1.082677496948569e-05,338.9142407694295,200,Low,87.08420053239942,12.915799467600579,3,Advanced
Deposition,2,1.111162683771998e-05,1.105904831230501e-05,87.86298424777198,300,High,66.09670920877987,33.90329079122013,5,Advanced
Deposition,3,1.144497564285158e-05,1.169629252691531e-05,122.73292134257619,300,High,79.15133156560742,20.84866843439258,3,Reduced
Deposition,4,1.178832491213713e-05,1.206309133611027e-05,454.34938483718565,300,High,83.05238780090447,16.94761219909553,1,Reduced
Deposition,5,1.214197465950124e-05,1.21848069608041e-05,322.89307684681546,300,High,43.68478631693595,56.31521368306405,5,Advanced
Deposition,6,1.250623389928628e-05,1.27331870935829e-05,54.13867322748334,200,Low,42.7226903944936,57.2773096055064,1,Current
Deposition,7,1.288142091626487e-05,1.299446778643228e-05,95.66219428971445,300,Medium,66.6588593310595,33.3411406689405,3,Reduced
Deposition,8,1.326786354375282e-05,1.330790605838649e-05,348.5757960986251,300,Medium,54.66170818840229,45.33829181159771,5,Advanced
Deposition,9,1.36658994500654e-05,1.311545024903596e-05,52.277712730798406,300,Medium,80.39167817200322,19.608321827996775,3,Advanced
Deposition,10,1.407587643356736e-05,1.354713746142941e-05,122.3636231378744,300,Low,84.00138740388067,15.99861259611933,5,Reduced
Deposition,11,1.449815272657439e-05,1.418025761244456e-05,296.93020521496373,300,High,51.20528275816309,48.79471724183691,3,Current
Deposition,12,1.493309730837162e-05,1.553500708792048e-05,361.35283896171194,450,Low,44.21223353846892,55.78776646153108,2,Advanced
Deposition,13,1.538109022762276e-05,1.500325627832616e-05,343.3825667761702,300,Low,76.83153091463171,23.168469085368287,3,Current
Deposition,14,1.584252293445145e-05,1.54313966841141e-05,150.9211892572519,300,Medium,46.48836213288817,53.51163786711183,2,Reduced
Deposition,15,1.631779862248499e-05,1.624106474389933e-05,370.4806496063911,200,Medium,79.3568591108207,20.643140889179307,3,Current
Deposition,16,1.680733258115954e-05,1.647234528847716e-05,156.76208937356003,200,Medium,55.42429521892577,44.57570478107423,5,Advanced
Deposition,17,1.731155255859433e-05,1.667650235729171e-05,196.4298641716705,300,Low,70.05299395748823,29.947006042511774,5,Advanced
Deposition,18,1.783089913535216e-05,1.701015604449437e-05,385.9211323031109,200,High,35.73211883008009,64.26788116991992,5,Current
Deposition,19,1.836582610941273e-05,1.783811185867429e-05,342.3348045712466,200,Low,67.43155948059439,32.56844051940561,4,Current
Deposition,20,1.891680089269511e-05,1.912281000621774e-05,432.1505347223801,300,Low,57.10606072423374,42.89393927576626,1,Current
Deposition,21,1.948430491947596e-05,1.943457588386125e-05,345.9258015351545,200,High,65.19650779052844,34.80349220947156,5,Advanced
Deposition,22,2.006883406706024e-05,1.972990438259475e-05,305.7388715009622,450,High,40.0808524646918,59.9191475353082,2,Reduced
Deposition,23,2.067089908907205e-05,2.141079811023797e-05,92.15364552264161,200,High,74.21242469665093,25.787575303349072,5,Advanced
Deposition,24,2.129102606174421e-05,2.151278682452708e-05,215.4721113767451,300,High,81.7678246525937,18.232175347406297,4,Advanced
Deposition,25,2.192975684359654e-05,2.297497360107037e-05,169.34106545677645,300,Medium,43.00438800544654,56.99561199455346,2,Advanced
Deposition,26,2.258764954890444e-05,2.346915459650855e-05,159.79533952058762,450,Medium,35.7428733312097,64.2571266687903,4,Advanced
Deposition,27,2.326527903537157e-05,2.388922824357192e-05,487.85474963860054,200,Low,31.418315162780182,68.58168483721983,2,Current
Deposition,28,2.396323740643272e-05,2.496889688335046e-05,226.89397610004218,300,Medium,68.51829002659596,31.481709973404037,3,Current
Deposition,29,2.46821345286257e-05,2.467443866786311e-05,451.420949829701,450,Medium,66.42564216532685,33.57435783467315,1,Advanced
Deposition,30,2.542259856448447e-05,2.577145045146175e-05,334.0123816987683,450,Low,62.8018447628442,37.1981552371558,1,Current
Deposition,31,2.6185276521419e-05,2.671811673625674e-05,407.66508659374176,450,Medium,43.916825766958524,56.083174233041476,4,Advanced
Deposition,32,2.697083481706157e-05,2.696100361663696e-05,276.18669189733646,300,Medium,53.45435975433088,46.54564024566912,1,Current
Deposition,33,2.777995986157343e-05,2.80596000972547e-05,309.6067480818616,200,Low,65.66858011117039,34.331419888829615,4,Reduced
Deposition,34,2.861335865742063e-05,2.901789401853845e-05,271.63296221848873,300,Low,59.80601153155016,40.19398846844984,4,Advanced
Deposition,35,2.947175941714324e-05,3.021224046222397e-05,137.85934450912004,450,Medium,89.26713121289325,10.732868787106753,4,Current
Deposition,36,3.035591219965755e-05,3.007965391744039e-05,375.1034518676774,300,Low,38.18638515340399,61.81361484659601,1,Advanced
Deposition,37,3.126658956564727e-05,3.055065070095728e-05,176.3475630983851,300,High,71.70867324285562,28.291326757144375,4,Advanced
Deposition,38,3.220458725261669e-05,3.265889312628857e-05,60.942184894154224,300,Medium,54.259126086257524,45.740873913742476,1,Advanced
Deposition,39,3.31707248701952e-05,3.30609151458517e-05,340.46253315822554,300,Medium,55.69197689553688,44.30802310446312,4,Current
Deposition,40,3.416584661630105e-05,3.513486474866134e-05,129.699805733172,200,Medium,73.05586593949057,26.944134060509427,5,Current
Deposition,41,3.519082201479009e-05,3.422386338916747e-05,473.20636295881144,300,High,71.54616907946217,28.453830920537825,4,Advanced
Deposition,42,3.624654667523379e-05,3.510111659017371e-05,479.2678596511643,300,Medium,89.4753596221313,10.524640377868707,2,Reduced
Deposition,43,3.73339430754908e-05,3.759757394443331e-05,461.68897559920185,300,Medium,37.703657367247516,62.296342632752484,4,Current
Deposition,44,3.845396136775552e-05,4.025487136603609e-05,216.57141511494999,300,Medium,36.246578963049984,63.753421036950016,3,Reduced
Deposition,45,3.96075802087882e-05,3.984452076652403e-05,56.95547743799034,200,Low,73.46032902772447,26.53967097227553,4,Current
Deposition,46,4.079580761505184e-05,3.932628317522376e-05,467.74335316447645,300,High,64.70321502038455,35.29678497961545,2,Current
Deposition,47,4.20196818435034e-05,4.245689841189859e-05,242.68286674279145,300,Medium,46.44963999358835,53.55036000641165,2,Advanced
Deposition,48,4.328027229880849e-05,4.269833971348121e-05,484.9946685696513,300,Medium,34.765162139339196,65.2348378606608,1,Advanced
Deposition,49,4.457868046777275e-05,4.627882107105336e-05,483.6289896901638,200,High,35.13949497578583,64.86050502421418,5,Reduced
Deposition,50,4.591604088180593e-05,4.640576870442332e-05,433.854254960312,300,High,83.6514524798471,16.348547520152906,4,Advanced
Oxidation,1,5.393993610543681e-06,5.391357668627827e-06,182.50200143131357,300,Medium,41.512039483124575,58.487960516875425,1,Reduced
Oxidation,2,5.555813418859991e-06,5.767436274220294e-06,223.29397787086637,200,High,49.40229372693125,50.59770627306875,5,Current
Oxidation,3,5.72248782142579e-06,5.43807151168689e-06,433.0115021825856,300,Medium,43.59938413361928,56.40061586638072,4,Advanced
Oxidation,4,5.894162456068564e-06,5.806126276879799e-06,192.61490232032494,200,Medium,51.29977834991624,48.70022165008376,3,Advanced
Oxidation,5,6.070987329750622e-06,5.776536856396592e-06,126.27173600874161,200,Medium,34.1654305647656,65.8345694352344,4,Advanced
Oxidation,6,6.25311694964314e-06,5.954577800011762e-06,300.56056810625756,450,Medium,61.14358745449622,38.85641254550378,2,Reduced
Oxidation,7,6.440710458132435e-06,6.560735486153973e-06,471.2696483723514,300,Low,34.05675381553289,65.94324618446711,2,Current
Oxidation,8,6.633931771876408e-06,6.623539287089087e-06,363.21340850373787,450,High,78.0213904693417,21.978609530658304,3,Advanced
Oxidation,9,6.832949725032701e-06,6.994905822404675e-06,306.52752654021424,300,High,44.02272491462598,55.97727508537402,1,Advanced
Oxidation,10,7.037938216783682e-06,7.199658428549673e-06,93.72942219684583,300,Low,62.400714876270634,37.599285123729366,5,Advanced
Oxidation,11,7.249076363287193e-06,7.230769913363662e-06,326.75325201462636,300,High,82.80474525368749,17.195254746312514,4,Current
Oxidation,12,7.466548654185809e-06,7.212076661961216e-06,495.5242325469185,300,Low,69.05264214283164,30.947357857168356,2,Advanced
Oxidation,13,7.690545113811382e-06,7.65866070382603e-06,113.03780685643582,300,Medium,61.977467193080116,38.022532806919884,1,Reduced
Oxidation,14,7.921261467225725e-06,8.25289327588124e-06,283.24834356368154,300,Medium,49.460025186922536,50.539974813077464,3,Advanced
Oxidation,15,8.158899311242497e-06,8.031313251047897e-06,444.81788236757995,300,Low,49.98011478349187,50.01988521650813,2,Advanced
Oxidation,16,8.403666290579771e-06,8.048841612390688e-06,383.345877989392,450,High,70.1692173118914,29.8307826881086,3,Current
Oxidation,17,8.655776279297165e-06,8.934272417399919e-06,363.6570834478706,450,High,89.64836167327005,10.351638326729955,4,Current
Oxidation,18,8.91544956767608e-06,9.032306215676245e-06,366.11783779419915,450,Medium,69.71035139096271,30.289648609037286,5,Reduced
Oxidation,19,9.182913054706364e-06,9.145847687615087e-06,211.77101804888983,200,Low,63.46700504220149,36.53299495779851,2,Current
Oxidation,20,9.458400446347555e-06,9.845100633197098e-06,182.116329919022,300,Low,73.83903061435477,26.16096938564523,2,Advanced
Oxidation,21,9.742152459737981e-06,1.019380908872903e-05,414.2125199653311,450,Medium,57.91233673702309,42.08766326297691,4,Current
Oxidation,22,1.003441703353012e-05,1.038774547376549e-05,414.55102760563136,200,High,33.60854055604711,66.3914594439529,1,Advanced
Oxidation,23,1.033544954453602e-05,1.031093372106347e-05,440.18254336104667,200,Medium,63.73780895267459,36.26219104732541,5,Advanced
Oxidation,24,1.064551303087211e-05,1.015694402726735e-05,460.9582486504121,300,Low,87.45751707032281,12.542482929677192,2,Reduced
Oxidation,25,1.096487842179827e-05,1.079343301008407e-05,280.10407948742204,300,Medium,40.51817654145958,59.48182345854042,5,Current
Oxidation,26,1.129382477445222e-05,1.126216397976286e-05,275.68233260923984,450,Medium,71.40029344923994,28.59970655076006,2,Reduced
Oxidation,27,1.163263951768578e-05,1.194719316102386e-05,409.23283053504883,200,Medium,42.05602131954339,57.94397868045661,5,Current
Oxidation,28,1.198161870321636e-05,1.232740354361007e-05,342.4837688499943,300,Low,62.14966106838487,37.85033893161513,3,Current
Oxidation,29,1.234106726431285e-05,1.212179324984055e-05,365.8850947659665,300,Medium,35.800586978803175,64.19941302119682,2,Advanced
Oxidation,30,1.271129928224224e-05,1.210576382175658e-05,408.10670124624545,200,Medium,57.02225617549111,42.97774382450889,5,Advanced
Oxidation,31,1.30926382607095e-05,1.319719339413878e-05,450.50240381790485,200,High,75.36979973371476,24.630200266285243,1,Reduced
Oxidation,32,1.348541740853079e-05,1.41344542934784e-05,202.09782058319112,450,Medium,50.85429145433892,49.14570854566108,3,Advanced
Oxidation,33,1.388997993078671e-05,1.445983997274661e-05,219.01232868797482,300,Medium,69.89470346923308,30.10529653076692,3,Reduced
Oxidation,34,1.430667932871031e-05,1.45555143006661e-05,92.29187292839106,300,High,77.72699764738375,22.273002352616246,1,Current
Oxidation,35,1.473587970857162e-05,1.476379410265272e-05,310.2260634482783,300,Low,85.63066916876716,14.369330831232844,5,Advanced
Oxidation,36,1.517795609982877e-05,1.537429697299718e-05,66.17402320853394,450,High,44.078524911327214,55.921475088672786,4,Current
Oxidation,37,1.563329478282364e-05,1.581751441315906e-05,259.5191081596071,300,Medium,53.958954948558485,46.041045051441515,1,Current
Oxidation,38,1.610229362630835e-05,1.622158908693565e-05,294.1900856184095,450,Low,39.14496079982504,60.85503920017496,5,Advanced
Oxidation,39,1.65853624350976e-05,1.637607090626116e-05,178.94356345772798,300,Medium,89.5490101295025,10.450989870497494,1,Reduced
Oxidation,40,1.708292330815052e-05,1.765396583602973e-05,315.87496725605484,300,Medium,85.62005807545772,14.37994192454228,1,Current
Oxidation,41,1.759541100739504e-05,1.84045107004414e-05,63.72511247257224,300,Low,62.39742781683358,37.60257218316642,2,Advanced
Oxidation,42,1.812327333761689e-05,1.743902420790412e-05,66.80668493714649,300,Medium,80.52199766258528,19.478002337414722,5,Current
Oxidation,43,1.86669715377454e-05,1.77697852918213e-05,420.17025229684623,300,Medium,61.25747863632253,38.74252136367747,4,Reduced
Oxidation,44,1.922698068387776e-05,1.909607560262851e-05,212.0857886350683,300,Medium,67.41514128016559,32.584858719834415,2,Advanced
Oxidation,45,1.98037901043941e-05,2.051259158936282e-05,107.17723069334815,300,Low,35.34746592696099,64.652534073039,1,Reduced
Oxidation,46,2.039790380752592e-05,1.99583048818183e-05,285.00946702466194,450,High,75.31622522980848,24.68377477019152,1,Advanced
Oxidation,47,2.10098409217517e-05,2.081748336837419e-05,396.49709889437486,300,High,37.66280901811409,62.33719098188591,1,Current
Oxidation,48,2.164013614940425e-05,2.217490446166799e-05,147.11946237357944,300,High,79.5640578151517,20.4359421848483,5,Current
Oxidation,49,2.228934023388638e-05,2.159850520282752e-05,330.3007141185501,450,Medium,76.92168526022316,23.078314739776843,5,Advanced
Oxidation,50,2.295802044090297e-05,2.229185393319976e-05,88.4063592471956,300,Low,72.52468186457858,27.475318135421418,2,Advanced
Doping,1,5.393993610543681e-06,5.259155919529086e-06,73.25677452587347,200,Medium,32.169622831485725,67.83037716851427,4,Current
Doping,2,5.555813418859991e-06,5.521393758627533e-06,289.1095842056666,450,Low,48.187701356719714,51.812298643280286,2,Current
Doping,3,5.72248782142579e-06,5.582128450669652e-06,293.2858047245479,300,Low,45.78675419465057,54.21324580534943,3,Current
Doping,4,5.894162456068564e-06,5.863885700459154e-06,336.84345567419297,300,Medium,51.60818444829114,48.39181555170886,1,Advanced
Doping,5,6.070987329750622e-06,6.358898697049112e-06,376.7411001751977,200,Medium,35.25856480583031,64.7414351941697,1,Reduced
Doping,6,6.25311694964314e-06,6.242444797526359e-06,489.1334357581406,300,Medium,86.21746938186376,13.782530618136235,1,Current
Doping,7,6.440710458132435e-06,6.26632754984809e-06,282.3351567355379,300,Medium,63.22813444274258,36.77186555725742,2,Reduced
Doping,8,6.633931771876408e-06,6.780056869825968e-06,195.3304128235607,300,Medium,48.33145863948141,51.66854136051859,2,Advanced
Doping,9,6.832949725032701e-06,6.715585752861569e-06,407.83378764591663,450,Low,53.818891024457,46.181108975543,1,Current
Doping,10,7.037938216783682e-06,6.791647295452272e-06,171.87451306793338,300,High,56.83215243029014,43.16784756970986,2,Current
Doping,11,7.249076363287193e-06,7.29535605327685e-06,247.53713931753626,200,Medium,66.03566000163704,33.96433999836296,5,Advanced
Doping,12,7.466548654185809e-06,7.616539591736604e-06,85.30537160401968,300,Medium,60.94076566178987,39.05923433821013,5,Current
Doping,13,7.690545113811382e-06,7.923162850114424e-06,61.40783453695588,300,Low,85.16351839286504,14.836481607134957,2,Advanced
Doping,14,7.921261467225725e-06,7.532549084609673e-06,483.1917866050663,300,Medium,59.817808974349816,40.182191025650184,1,Current
Doping,15,8.158899311242497e-06,7.758814294184654e-06,426.1910542304926,200,Medium,89.52948088939877,10.47051911060123,2,Current
Doping,16,8.403666290579771e-06,8.085788542298654e-06,363.18839274216407,300,Low,81.08549746470575,18.914502535294247,2,Advanced
Doping,17,8.655776279297165e-06,8.708173753886926e-06,234.02882498642145,300,Low,42.51063086144015,57.48936913855985,2,Current
Doping,18,8.91544956767608e-06,9.04461971826198e-06,127.9824440318806,450,Medium,85.83571287863498,14.164287121365021,3,Current
Doping,19,9.182913054706364e-06,9.3636739051052e-06,120.39666920198871,300,Medium,36.98198387312856,63.01801612687144,5,Advanced
Doping,20,9.458400446347555e-06,9.42689481819985e-06,162.60930417406792,450,Low,79.04698250947149,20.95301749052851,4,Reduced
Doping,21,9.742152459737981e-06,9.324665000708555e-06,297.1519991177542,200,High,52.837397608594806,47.162602391405194,4,Reduced
Doping,22,1.003441703353012e-05,9.91454657433823e-06,371.56816521502805,450,Low,82.67845922670418,17.321540773295823,3,Current
Doping,23,1.033544954453602e-05,9.8839618964169e-06,347.08881952297907,200,Medium,82.08340140644702,17.916598593552976,2,Advanced
Doping,24,1.064551303087211e-05,1.060230186231109e-05,175.97025362567427,300,High,78.35552400705727,21.64447599294273,3,Current
Doping,25,1.096487842179827e-05,1.091279995297257e-05,479.68937629843737,300,Medium,77.40182617842368,22.598173821576324,3,Current
Doping,26,1.129382477445222e-05,1.162908454945448e-05,382.05361251309586,200,Medium,48.280748345882444,51.719251654117556,1,Advanced
Doping,27,1.163263951768578e-05,1.177915093589094e-05,299.4593236301303,300,Medium,34.85515698307513,65.14484301692487,5,Current
Doping,28,1.198161870321636e-05,1.180845676238377e-05,325.2743358054585,300,Low,54.178810725909685,45.821189274090315,4,Current
Doping,29,1.234106726431285e-05,1.270766911807616e-05,238.82002809250545,300,High,40.41147089919052,59.58852910080948,2,Current
Doping,30,1.271129928224224e-05,1.300172535336002e-05,161.47894527552086,300,Medium,71.69706533414771,28.30293466585229,4,Current
Doping,31,1.30926382607095e-05,1.316541252704302e-05,210.18770539306772,300,High,50.76598359226713,49.23401640773287,4,Current
Doping,32,1.348541740853079e-05,1.357797519402369e-05,391.0307497089661,300,Low,88.53661205159489,11.463387948405114,5,Reduced
Doping,33,1.388997993078671e-05,1.456533793729546e-05,56.47706988339014,300,Low,68.45832464071992,31.541675359280077,4,Advanced
Doping,34,1.430667932871031e-05,1.363355384916808e-05,102.23268822811231,300,Low,79.34883381806165,20.65116618193835,4,Current
Doping,35,1.473587970857162e-05,1.414126078247983e-05,70.70118890978874,200,Medium,37.95148036451091,62.04851963548909,3,Reduced
Doping,36,1.517795609982877e-05,1.461344419616643e-05,68.32796104353656,450,Medium,81.72086893635736,18.279131063642637,5,Current
Doping,37,1.563329478282364e-05,1.615393172937583e-05,434.95726280495325,300,High,85.36543143080365,14.634568569196347,1,Current
Doping,38,1.610229362630835e-05,1.599219024100837e-05,366.64603672101066,300,Medium,59.22371512913615,40.77628487086385,2,Current
Doping,39,1.65853624350976e-05,1.668186279943009e-05,263.37822308929634,300,High,66.37517626505866,33.624823734941344,4,Current
Doping,40,1.708292330815052e-05,1.747517196547451e-05,94.02537229295066,450,Low,75.88858805417973,24.111411945820265,2,Reduced
Doping,41,1.759541100739504e-05,1.70584798184636e-05,271.2271438025746,200,High,40.49031763562475,59.50968236437525,1,Current
Doping,42,1.812327333761689e-05,1.901252613308588e-05,263.0622968512546,300,Medium,60.15396458780654,39.84603541219346,2,Reduced
Doping,43,1.86669715377454e-05,1.944565721148252e-05,127.94084145950683,300,Medium,53.919781666338785,46.080218333661215,1,Advanced
Doping,44,1.922698068387776e-05,1.891684847995941e-05,245.23324215708786,300,High,38.782439529734944,61.217560470265056,3,Advanced
Doping,45,1.98037901043941e-05,1.881697755374345e-05,229.32713047881805,200,Medium,52.05206533749188,47.94793466250812,4,Current
Doping,46,2.039790380752592e-05,2.017745549539293e-05,327.1325441234974,450,Medium,34.09033856312961,65.90966143687038,1,Advanced
Doping,47,2.10098409217517e-05,2.17743984319137e-05,335.7921428904397,450,Low,31.54871441696922,68.45128558303078,2,Advanced
Doping,48,2.164013614940425e-05,2.259114156477263e-05,70.38680439742004,300,Low,38.109977349289366,61.890022650710634,4,Advanced
Doping,49,2.228934023388638e-05,2.146886951491102e-05,218.57567658191203,300,High,87.78690669535044,12.213093304649561,3,Advanced
Doping,50,2.295802044090297e-05,2.312056800121197e-05,331.63696207140634,450,Medium,62.97177215370102,37.02822784629898,4,Advanced
Inspection,1,5.393993610543681e-06,5.218096296700056e-06,276.41131636103944,300,Medium,87.94932966919319,12.05067033080681,1,Reduced
Inspection,2,5.555813418859991e-06,5.28139499165497e-06,435.42042853474504,200,Medium,55.94987269980792,44.05012730019208,3,Advanced
Inspection,3,5.72248782142579e-06,5.762316989286439e-06,346.41213422852525,300,Low,48.70896798511558,51.29103201488442,2,Current
Inspection,4,5.894162456068564e-06,5.775029749810733e-06,123.32049218664336,300,Low,60.36851177041464,39.63148822958536,3,Current
Inspection,5,6.070987329750622e-06,5.771375487702026e-06,81.75593633019344,300,Medium,56.37070131797461,43.62929868202539,3,Reduced
Inspection,6,6.25311694964314e-06,6.552988254384881e-06,339.088675192842,300,Medium,36.33988105570464,63.66011894429536,5,Advanced
Inspection,7,6.440710458132435e-06,6.332250398267822e-06,61.930089743729816,450,Low,68.44957888141238,31.55042111858762,3,Reduced
Inspection,8,6.633931771876408e-06,6.449230625303148e-06,313.5990115730585,450,Medium,42.96229095057598,57.03770904942402,3,Current
Inspection,9,6.832949725032701e-06,6.510997573576333e-06,473.1036086412309,300,Low,67.17527729386978,32.82472270613022,4,Current
Inspection,10,7.037938216783682e-06,7.301866888778272e-06,308.96338004414554,200,Medium,69.01206554388921,30.987934456110793,2,Current
Inspection,11,7.249076363287193e-06,7.554740730899297e-06,224.67646679293486,450,Low,39.12149118771889,60.87850881228111,4,Reduced
Inspection,12,7.466548654185809e-06,7.812034782919252e-06,339.47969829905895,450,Medium,33.680977626640086,66.31902237335991,4,Advanced
Inspection,13,7.690545113811382e-06,7.417416498621382e-06,256.21380072118245,200,Medium,76.84569516410639,23.154304835893612,1,Current
Inspection,14,7.921261467225725e-06,7.820382046983406e-06,295.5275551921707,450,Medium,57.588025426159206,42.411974573840794,4,Current
Inspection,15,8.158899311242497e-06,7.835043315656116e-06,473.65916394943633,450,Low,33.48982773032855,66.51017226967144,5,Current
Inspection,16,8.403666290579771e-06,8.41360900232707e-06,223.74618701034842,300,Low,89.69197903018602,10.308020969813981,5,Reduced
Inspection,17,8.655776279297165e-06,8.321924460869329e-06,482.5357537207614,300,Medium,33.466833659782,66.533166340218,1,Advanced
Inspection,18,8.91544956767608e-06,8.788792320328112e-06,457.4077888802287,300,Medium,71.7021137315132,28.297886268486806,2,Reduced
Inspection,19,9.182913054706364e-06,9.547864805105638e-06,138.1060106551834,200,Medium,89.02073551580482,10.979264484195184,2,Advanced
Inspection,20,9.458400446347555e-06,9.501934964920083e-06,81.21258539382445,300,Low,44.350806252955536,55.649193747044464,4,Advanced
Inspection,21,9.742152459737981e-06,9.866196401488561e-06,95.350100619842,450,Medium,38.53496212123177,61.46503787876823,4,Advanced
Inspection,22,1.003441703353012e-05,9.931756796937369e-06,58.19982154319737,200,High,37.283096365345735,62.716903634654265,4,Advanced
Inspection,23,1.033544954453602e-05,1.011780649783158e-05,92.49933234016777,300,Medium,48.196508854055736,51.803491145944264,2,Current
Inspection,24,1.064551303087211e-05,1.054251319530145e-05,357.35304803736057,300,Low,36.0627486606388,63.9372513393612,3,Advanced
Inspection,25,1.096487842179827e-05,1.081285602123283e-05,82.03489180710304,300,Medium,71.52968050164792,28.470319498352083,5,Advanced
Inspection,26,1.129382477445222e-05,1.136544454214228e-05,193.5390336321926,450,Low,33.73750788780376,66.26249211219624,3,Reduced
Inspection,27,1.163263951768578e-05,1.132404104598683e-05,430.19388993625455,300,Low,60.56532768898738,39.43467231101262,3,Reduced
Inspection,28,1.198161870321636e-05,1.154813495437869e-05,60.472371081121636,300,High,89.8018112311786,10.198188768821396,2,Reduced
Inspection,29,1.234106726431285e-05,1.229955423455632e-05,416.5108171650211,300,Low,78.83821617036114,21.161783829638864,3,Reduced
Inspection,30,1.271129928224224e-05,1.250658726620045e-05,176.83464864802997,300,Medium,66.91316629386066,33.086833706139345,1,Current
Inspection,31,1.30926382607095e-05,1.366276428846193e-05,103.17417242974531,300,Medium,48.3752172471967,51.6247827528033,4,Advanced
Inspection,32,1.348541740853079e-05,1.320780110329038e-05,363.5317244138678,300,Medium,67.43375017749831,32.56624982250169,1,Advanced
Inspection,33,1.388997993078671e-05,1.455627349496483e-05,333.0242810509478,200,Medium,61.6224878346991,38.3775121653009,5,Current
Inspection,34,1.430667932871031e-05,1.443710039718416e-05,444.86240608717384,200,Low,55.565003033422286,44.434996966577714,4,Advanced
Inspection,35,1.473587970857162e-05,1.408516854022873e-05,380.7819697117486,300,Medium,37.84262260441197,62.15737739558803,3,Current
Inspection,36,1.517795609982877e-05,1.511074420925917e-05,411.5664186731819,300,Medium,83.196252914428,16.803747085572,5,Advanced
Inspection,37,1.563329478282364e-05,1.55102319263736e-05,176.9155576570879,450,Low,56.98707892927935,43.01292107072065,4,Advanced
Inspection,38,1.610229362630835e-05,1.621917518010362e-05,129.84779470087528,300,Medium,41.6773507092459,58.3226492907541,3,Current
Inspection,39,1.65853624350976e-05,1.738462471334807e-05,387.7766382383862,300,Low,52.06556105263738,47.93443894736262,1,Current
Inspection,40,1.708292330815052e-05,1.658320353211741e-05,413.0756326702688,300,Low,54.84778515173562,45.15221484826438,4,Current
Inspection,41,1.759541100739504e-05,1.67914736499027e-05,495.727313900303,200,Medium,79.65227373401245,20.347726265987546,3,Current
Inspection,42,1.812327333761689e-05,1.855300927116787e-05,235.6779546101419,300,Low,74.01686283368412,25.983137166315885,1,Advanced
Inspection,43,1.86669715377454e-05,1.865480418753611e-05,217.40813860675243,200,Medium,76.15829361848039,23.841706381519614,5,Advanced
Inspection,44,1.922698068387776e-05,1.849377134036538e-05,399.3858323338986,450,Medium,30.661875865718834,69.33812413428117,5,Reduced
Inspection,45,1.98037901043941e-05,1.896616026091949e-05,203.36159311385802,200,High,54.96923989078569,45.03076010921431,5,Current
Inspection,46,2.039790380752592e-05,1.940332092640509e-05,468.84079652160415,300,Low,58.88064909811942,41.11935090188058,5,Advanced
Inspection,47,2.10098409217517e-05,2.004467541903046e-05,436.2857383293553,200,Low,31.151536609383403,68.8484633906166,2,Reduced
Inspection,48,2.164013614940425e-05,2.093347512788532e-05,243.04731231875826,450,Low,45.58879252470206,54.41120747529794,4,Advanced
Inspection,49,2.228934023388638e-05,2.132392959288399e-05,387.8919805061738,300,Medium,75.6173893873281,24.382610612671897,4,Current
Inspection,50,2.295802044090297e-05,2.373175068346606e-05,389.5442933381071,300,Medium,38.22658234373994,61.77341765626006,2,Advanced
Packaging,1,5.393993610543681e-06,5.295904134250843e-06,96.40574097616968,200,Low,62.1186078871555,37.8813921128445,3,Current
Packaging,2,5.555813418859991e-06,5.47607018352254e-06,456.148808005805,300,High,42.91211232103425,57.08788767896575,3,Current
Packaging,3,5.72248782142579e-06,5.885239842825032e-06,277.3635676015357,300,Low,30.727246478633596,69.27275352136641,5,Advanced
Packaging,4,5.894162456068564e-06,5.643917481934789e-06,421.90585974848375,450,Medium,44.472087455972485,55.527912544027515,1,Reduced
Packaging,5,6.070987329750622e-06,6.184036074662433e-06,194.0223204637753,300,Medium,88.55242529460322,11.447574705396775,3,Current
Packaging,6,6.25311694964314e-06,5.946332321689481e-06,452.9854528232902,200,High,78.09222671297937,21.907773287020632,1,Advanced
Packaging,7,6.440710458132435e-06,6.601137302339414e-06,225.1407554303734,200,Medium,87.574598659262,12.425401340738006,4,Advanced
Packaging,8,6.633931771876408e-06,6.569259066542746e-06,54.87694316613426,300,High,59.27124263558174,40.72875736441826,1,Advanced
Packaging,9,6.832949725032701e-06,7.142157250162703e-06,457.42188938866866,300,Medium,36.584171920650206,63.415828079349794,4,Advanced
Packaging,10,7.037938216783682e-06,6.70605640317819e-06,91.0790045537601,200,High,62.87756933842158,37.12243066157842,2,Current
Packaging,11,7.249076363287193e-06,7.239830621410668e-06,193.69113691568668,300,Low,57.26264007359765,42.73735992640235,2,Reduced
Packaging,12,7.466548654185809e-06,7.541238888975313e-06,477.5278851728622,300,High,80.66142496437695,19.33857503562305,5,Current
Packaging,13,7.690545113811382e-06,7.640737930191217e-06,477.77321612190025,300,Medium,35.88495484705467,64.11504515294533,3,Advanced
Packaging,14,7.921261467225725e-06,7.674784788232995e-06,308.04704965547876,300,High,59.29446822130669,40.70553177869331,5,Advanced
Packaging,15,8.158899311242497e-06,8.008594294094952e-06,334.32674547640966,300,Medium,39.00291988163906,60.99708011836094,4,Advanced
Packaging,16,8.403666290579771e-06,8.726395514364868e-06,251.8004848902439,300,Medium,49.480555613403595,50.519444386596405,5,Current
Packaging,17,8.655776279297165e-06,8.790617283066632e-06,181.94484726412904,200,Medium,74.24142464326798,25.758575356732024,1,Current
Packaging,18,8.91544956767608e-06,8.593343935071636e-06,197.89904541646217,200,Medium,58.56108776212599,41.43891223787401,4,Advanced
Packaging,19,9.182913054706364e-06,9.201587068048463e-06,352.63330523466726,450,Low,52.553297108746165,47.446702891253835,2,Current
Packaging,20,9.458400446347555e-06,9.148285914778137e-06,388.568538246956,450,Low,53.66857671420212,46.33142328579788,3,Reduced
Packaging,21,9.742152459737981e-06,9.657946383996436e-06,406.21056967663185,300,Low,57.5668061043592,42.4331938956408,4,Current
Packaging,22,1.003441703353012e-05,1.044494071827275e-05,405.32816425754925,300,Low,77.10099263022342,22.899007369776584,4,Reduced
Packaging,23,1.033544954453602e-05,1.067677122337037e-05,91.04274637191067,300,High,83.52508133641406,16.47491866358594,1,Current
Packaging,24,1.064551303087211e-05,1.117077338925311e-05,272.48913711616166,300,Low,87.3200811902357,12.679918809764303,3,Current
Packaging,25,1.096487842179827e-05,1.136851377584714e-05,75.90144200748992,200,High,77.2142031753177,22.785796824682294,2,Current
Packaging,26,1.129382477445222e-05,1.090109728704355e-05,297.287997045681,200,Medium,48.924413744880766,51.075586255119234,4,Current
Packaging,27,1.163263951768578e-05,1.138535756812907e-05,248.68872561801965,300,Low,71.28808236519254,28.711917634807463,4,Advanced
Packaging,28,1.198161870321636e-05,1.184943215649942e-05,449.4668822412349,300,Medium,56.25618744332351,43.74381255667649,1,Advanced
Packaging,29,1.234106726431285e-05,1.286209958581586e-05,207.91175564843542,200,Medium,45.28023732276307,54.71976267723693,5,Advanced
Packaging,30,1.271129928224224e-05,1.264978014727756e-05,102.68015739242264,300,Medium,80.45229476555537,19.547705234444635,2,Current
Packaging,31,1.30926382607095e-05,1.322013384450572e-05,114.34625692377614,300,Medium,32.3055809377395,67.6944190622605,3,Advanced
Packaging,32,1.348541740853079e-05,1.289295178680053e-05,392.6797842728625,300,Medium,84.1057195281254,15.894280471874595,4,Reduced
Packaging,33,1.388997993078671e-05,1.346396753281543e-05,328.1981284923175,200,Low,57.68864787748405,42.31135212251595,4,Current
Packaging,34,1.430667932871031e-05,1.364209600126047e-05,95.50520425525562,200,High,68.23208860849682,31.767911391503176,2,Current
Packaging,35,1.473587970857162e-05,1.446367326185583e-05,87.84806275174884,300,High,69.56123533234697,30.438764667653032,5,Advanced
Packaging,36,1.517795609982877e-05,1.531164452879793e-05,365.436109156604,200,Medium,83.70706444239218,16.29293555760782,4,Reduced
Packaging,37,1.563329478282364e-05,1.530579582270222e-05,82.74335286388708,300,Low,68.20018093003245,31.799819069967555,2,Reduced
Packaging,38,1.610229362630835e-05,1.674278081374405e-05,419.8370266806603,300,Medium,66.8360150856037,33.163984914396295,1,Current
Packaging,39,1.65853624350976e-05,1.582276506993325e-05,367.8090022204233,200,Low,33.999122433641396,66.00087756635861,5,Advanced
Packaging,40,1.708292330815052e-05,1.683768859415012e-05,86.6069512888549,300,Low,61.104481316712246,38.895518683287754,3,Current
Packaging,41,1.759541100739504e-05,1.814954500008966e-05,88.17697133833636,300,Low,39.010140049022496,60.989859950977504,4,Advanced
Packaging,42,1.812327333761689e-05,1.767113727104408e-05,493.9878103255289,450,Medium,74.24602612328914,25.75397387671086,2,Advanced
Packaging,43,1.86669715377454e-05,1.920465835864404e-05,218.42185809025415,450,High,60.73331524876047,39.26668475123953,1,Current
Packaging,44,1.922698068387776e-05,1.948366230371378e-05,216.7889661801009,300,Medium,70.8136667525012,29.186333247498794,3,Current
Packaging,45,1.98037901043941e-05,1.98589384267802e-05,415.75980526587614,300,Medium,32.50037403614306,67.49962596385694,2,Current
Packaging,46,2.039790380752592e-05,2.082952054682855e-05,476.2618598227364,300,Medium,35.087520962748194,64.91247903725181,2,Reduced
Packaging,47,2.10098409217517e-05,2.191074592153956e-05,493.7004787202919,300,Medium,72.97940328376094,27.020596716239055,3,Current
Packaging,48,2.164013614940425e-05,2.095553987871591e-05,389.0201833665237,450,Medium,34.325060159920405,65.67493984007959,1,Current
Packaging,49,2.228934023388638e-05,2.230997536122062e-05,219.3168134889121,200,High,34.27540366591552,65.72459633408448,1,Advanced
Packaging,50,2.295802044090297e-05,2.241775203767516e-05,87.57532251440094,200,Low,30.726508514093247,69.27349148590676,5,Reduced
