Wafer Step,Year,Synthetic_Water_per_Wafer,Synthetic_Water_per_Wafer_noisy,Investment_Level,Wafer_Size,Water_Efficiency_Level,Percent_Reclaimed_Water,Percent_Municipal_Water,Reclamation_Tech_Level,Wafer_Intention,Investment_Efficiency,Water_Stress_Index,Composite_Risk_Score,Year_Squared
Cleaning,1,3.2364e-05,3.37487e-05,218.5430534813131,300,Low,82.02188976734692,17.97811023265308,5,Reduced,43.708610696262625,5393.433069795924,113.52378832272933,1
Cleaning,2,3.33349e-05,3.17264e-05,477.8214378844623,300,Low,64.72052451,35.279475485656405,4,Reduced,119.45535947111557,10583.842645696921,211.7447325,4
Cleaning,3,3.43349e-05,3.49605e-05,379.3972738151323,300,Low,56.31692515137543,43.68307484862457,5,Advanced,75.87945476302646,13104.922454587371,170.15398707146554,9
Cleaning,4,3.5365e-05,3.52792e-05,319.3963178886665,450,Medium,73.51545962490819,26.48454037509181,2,Advanced,159.69815894433324,11918.043168791315,150.41316504293906,16
Cleaning,5,3.64259e-05,3.49818e-05,120.20838819909643,200,Medium,59.200136485482176,40.799863514517824,4,Current,30.05209704977411,8159.972702903565,67.04339622528323,25
Cleaning,6,3.75187e-05,3.8368e-05,120.1975341512912,300,High,82.40539428489964,17.594605715100357,3,Advanced,40.065844717097065,5278.381714530107,73.70063194598637,36
Cleaning,7,3.86443e-05,4.03756e-05,76.13762547568976,200,High,84.04211184067552,15.957888159324485,4,Advanced,19.03440636892244,3191.577631864897,56.86768374247856,49
Cleaning,8,3.98036e-05,4.04483e-05,439.7792655987208,300,Medium,55.30325561240733,44.69674438759267,3,Advanced,146.59308853290693,13409.023316277802,193.40268292321056,64
Cleaning,9,4.09977e-05,4.28641e-05,320.5017553,200,Low,46.60966783410309,53.39033216589691,3,Current,106.83391842814801,10678.066433179381,143.08360246400855,81
Cleaning,10,4.22276e-05,4.17325e-05,368.63266000822045,200,Medium,65.54101971560173,34.458980284398265,4,Advanced,92.15816500205511,6891.796056879653,168.3153699179687,100
Cleaning,11,4.34945e-05,4.2735e-05,59.263022433111104,200,Medium,84.74180073700145,15.258199262998543,3,Current,19.754340811037036,3051.639852599709,50.02774919434488,121
Cleaning,12,4.47993e-05,4.37885e-05,486.45943347289744,300,Low,42.63973134033999,57.36026865966001,3,Reduced,162.15314449096581,17208.080597898002,208.27569279126098,144
Cleaning,13,4.61433e-05,4.39231e-05,424.59918836018977,300,Medium,67.37799501380897,32.62200498619103,2,Advanced,212.29959418009489,9786.601495857309,190.6530738482186,169
Cleaning,14,4.75276e-05,4.73107e-05,145.55259980522428,300,Medium,67.89361320555123,32.10638679444877,5,Advanced,29.110519961044854,9631.916038,80.08912388,196
Cleaning,15,4.89534e-05,4.66067e-05,131.82123524319528,450,Medium,73.98678134491686,26.013218655083136,5,Advanced,26.364247048639054,11705.94839478741,76.42452850075317,225
Cleaning,16,5.0422e-05,4.86411e-05,132.53202943404523,300,Medium,37.89406110763559,62.105938892364414,2,Reduced,66.26601471702261,18631.781667709325,64.98103010590877,256
Cleaning,17,5.19347e-05,5.00638e-05,186.9090093,300,Low,72.94949788092532,27.05050211907468,4,Advanced,46.72725233,8115.150635722403,97.8484531,289
Cleaning,18,5.34927e-05,5.30546e-05,286.1403942,450,High,84.54195123993847,15.45804876006153,1,Advanced,286.1403942,6956.121942027688,140.11874306578437,324
Cleaning,19,5.50975e-05,5.45173e-05,244.3752583889521,300,Medium,40.78098653221452,59.21901346778548,1,Advanced,244.3752583889521,17765.704040335644,110.2843993152452,361
Cleaning,20,5.67504e-05,5.9289e-05,181.05311308911885,450,Low,44.25259949543266,55.74740050456734,1,Current,181.05311308911885,25086.330227055303,85.99702508427734,400
Cleaning,21,5.84529e-05,5.82857e-05,325.33380262507075,200,High,88.28370564249838,11.716294357501624,2,Current,162.66690131253537,2343.258871500325,157.2186327427778,441
Cleaning,22,6.02065e-05,6.15744e-05,112.77223729341884,450,Medium,40.85861716256939,59.14138283743061,2,Current,56.38611864670942,26613.622276843776,57.96648006613835,484
Cleaning,23,6.20127e-05,6.49963e-05,181.46509184084815,200,High,81.26310560217475,18.736894397825253,3,Reduced,60.488363946949384,3747.3788795650507,97.86496842,529
Cleaning,24,6.38731e-05,6.57759e-05,214.8628294821613,450,Medium,59.53667138688209,40.46332861311791,1,Advanced,214.8628294821613,18208.49787590306,104.10613320892914,576
Cleaning,25,6.57893e-05,6.61317e-05,255.23149289766616,300,Medium,44.83386446419063,55.166135535809374,4,Reduced,63.80787322441654,16549.84066074281,116.74275649832366,625
Cleaning,26,6.77629e-05,6.97888e-05,403.3291826268561,450,Low,82.24499407635068,17.75500592364932,4,Advanced,100.83229565671402,7989.752665642194,187.20517127364764,676
Cleaning,27,6.97958e-05,6.91804e-05,139.85320197126188,200,Low,56.71831530015993,43.28168469984007,1,Reduced,139.85320197126188,8656.336939968014,73.25677537855273,729
Cleaning,28,7.18897e-05,7.15573e-05,281.4054972861252,300,Medium,60.88904123578141,39.11095876421859,1,Current,281.4054972861252,11733.287629265576,131.1289112851845,784
Cleaning,29,7.40464e-05,7.27156e-05,316.5865559879191,450,Medium,51.55400216398594,48.44599783601406,1,Reduced,316.5865559879191,21800.699026206326,142.40082304436342,841
Cleaning,30,7.62678e-05,7.73114e-05,70.90268572399897,300,Low,65.57705108609565,34.42294891390435,2,Advanced,35.451342861999485,10326.884674171304,48.634189615428284,900
Cleaning,31,7.85558e-05,7.50271e-05,323.39518335564725,300,Low,39.81143235510137,60.18856764489863,2,Advanced,161.69759167782362,18056.57029346959,141.90150304878932,961
Cleaning,32,8.09125e-05,8.02884e-05,126.7358556592812,300,High,53.46489219910564,46.53510780089436,2,Advanced,63.36792783,13960.532340268308,67.33380992344418,1024
Cleaning,33,8.33399e-05,8.02017e-05,79.27321684337578,300,High,88.16473934011725,11.83526065988275,5,Advanced,15.854643368675156,3550.5781979648245,59.658708539385486,1089
Cleaning,34,8.58401e-05,8.66496e-05,476.9984918,300,Medium,45.48800596206765,54.51199403793235,4,Advanced,119.2496229,16353.598211379704,205.6457984942203,1156
Cleaning,35,8.84153e-05,9.22563e-05,484.5344148835517,300,Low,69.40419987247753,30.595800127522462,4,Advanced,121.13360372088792,9178.740038,215.83502591516392,1225
Cleaning,36,9.10677e-05,8.76099e-05,413.7788066524075,450,Low,49.511403853481696,50.488596146518304,3,Advanced,137.92626888413585,22719.868265933237,181.26494381700752,1296
Cleaning,37,9.37998e-05,9.52734e-05,187.0761961280168,200,Low,76.40838754119605,23.59161245880395,2,Current,93.53809806,4718.322492,98.35299471356552,1369
Cleaning,38,9.66138e-05,9.20455e-05,93.95245130287272,300,High,37.85241964310099,62.14758035689901,5,Reduced,18.790490260574543,18644.274107069705,50.43670641407938,1444
Cleaning,39,9.95122e-05,0.000103768,357.9048619304706,450,Low,88.18926270471269,11.81073729528731,5,Current,71.58097238609412,5314.831783,171.11872358360205,1521
Cleaning,40,0.000102498,0.000104371,248.06862218282055,450,Medium,57.22737248301836,42.77262751698164,4,Advanced,62.01715554570514,19247.68238264174,117.59566061803373,1600
Cleaning,41,0.000105572,0.000104549,104.91720568015047,300,Low,44.16302780078784,55.83697219921216,2,Current,52.45860284007524,16751.09165976365,55.81579061229654,1681
Cleaning,42,0.00010874,0.000107821,272.8296095500716,300,Medium,34.40980483980076,65.59019516019924,3,Advanced,90.94320318,19677.058548059773,120.35478527196888,1764
Cleaning,43,0.000112002,0.000115902,65.47483450184828,300,Medium,40.18547430525244,59.81452569474756,2,Reduced,32.73741725092414,17944.357708424268,38.84557609231504,1849
Cleaning,44,0.000115362,0.000112516,459.1941809354519,200,High,61.18643691336106,38.813563086638936,1,Advanced,459.1941809354519,7762.7126173277875,202.3336034481891,1936
Cleaning,45,0.000118823,0.000123005,166.4509917200076,300,Low,50.22019058587718,49.77980941412282,2,Current,83.22549586,14933.942824236847,82.24645386376619,2025
Cleaning,46,0.000122387,0.000119613,348.1350279592919,300,Low,79.73300195295657,20.26699804704343,1,Reduced,348.1350279592919,6080.099414113029,163.47391176960375,2116
Cleaning,47,0.000126059,0.00012736,190.2699842402349,300,Low,55.85325141970836,44.14674858029164,1,Reduced,190.2699842402349,13244.024574087493,93.16396912200646,2209
Cleaning,48,0.000129841,0.000133423,284.0306095300149,200,High,44.92285635525779,55.07714364474221,3,Current,94.67686984,11015.428728948442,127.9891007185833,2304
Cleaning,49,0.000133736,0.000132699,296.01962570447586,450,High,67.0286992,32.9713008,4,Reduced,74.00490642611896,14837.085361691188,139.7164600406629,2401
Cleaning,50,0.000137748,0.000143692,133.18450498648718,450,Medium,72.40663301312675,27.59336698687325,2,Reduced,66.59225249324359,12417.015144092962,75.5957919,2500
Photolithography,1,1.6182e-05,1.64441e-05,486.31308249405134,300,Medium,40.02251447405699,59.97748552594301,1,Current,486.31308249405134,17993.245657782903,206.83198733983767,1
Photolithography,2,1.66674e-05,1.62402e-05,398.80977051250153,300,Medium,40.05715297729906,59.94284702270094,2,Current,199.40488525625076,17982.854106810282,172.14105409819032,4
Photolithography,3,1.71675e-05,1.6539e-05,472.7745237038851,300,Low,32.20028561601258,67.79971438398742,4,Current,118.19363092597128,20339.914315196227,199.96989516635782,9
Photolithography,4,1.76825e-05,1.74996e-05,452.6723077,450,High,74.18412090393844,25.815879096061565,4,Current,113.1680769231105,11617.145593227704,204.52415934815835,16
Photolithography,5,1.8213e-05,1.77942e-05,319.0549904649883,300,Medium,69.82827166,30.171728342691694,5,Current,63.81099809299766,9051.518502807508,150.07047768318782,25
Photolithography,6,1.87594e-05,1.89744e-05,464.84340576040256,200,Medium,58.47785254498884,41.522147455011165,4,Current,116.21085144010064,8304.429491002233,204.6807180676577,36
Photolithography,7,1.93221e-05,2.00096e-05,89.82162592336377,450,Medium,80.65022693815183,19.34977306184817,3,Advanced,29.94054197445459,8707.397877831676,61.02371845079106,49
Photolithography,8,1.99018e-05,1.93377e-05,138.19228808861533,450,Low,78.34020917700319,21.65979082299681,1,Advanced,138.19228808861533,9746.905870348564,79.07897798854708,64
Photolithography,9,2.04988e-05,2.13033e-05,70.35228000974213,450,Low,65.12126186380513,34.87873813619487,5,Advanced,14.070456001948425,15695.43216128769,49.17729056,81
Photolithography,10,2.11138e-05,2.12845e-05,196.39864884346892,300,Medium,82.09627683079552,17.903723169204483,3,Advanced,65.46621628,5371.116950761345,104.08834258662623,100
Photolithography,11,2.17472e-05,2.26814e-05,224.9047803602669,300,Low,42.350472602206096,57.649527397793904,2,Advanced,112.45239018013345,17294.85821933817,103.26705392476859,121
Photolithography,12,2.23996e-05,2.34989e-05,172.10706429825316,300,Medium,36.71517716386367,63.28482283613633,1,Current,172.10706429825316,18985.446850840897,80.15737886846037,144
Photolithography,13,2.30716e-05,2.28314e-05,422.9318791183682,450,Low,46.18497669101937,53.81502330898063,4,Advanced,105.73296977959205,24216.760489041284,184.2282446546531,169
Photolithography,14,2.37638e-05,2.28958e-05,210.5389970121152,450,Medium,33.42521136535889,66.57478863464111,1,Reduced,210.5389970121152,29958.654885588498,94.54316221445374,196
Photolithography,15,2.44767e-05,2.5631e-05,176.42052935932134,200,Low,61.87017168006192,38.12982831993808,2,Advanced,88.21026467966067,7625.965663987616,89.72926324774711,225
Photolithography,16,2.5211e-05,2.60587e-05,294.21323742121183,200,Medium,86.19634153769769,13.803658462302309,5,Advanced,58.84264748424236,2760.731692460462,145.04419742979405,256
Photolithography,17,2.59673e-05,2.53368e-05,113.4159012386432,300,Medium,32.36061244011058,67.63938755988943,5,Current,22.68318024772864,20291.816267966828,56.57454422749046,289
Photolithography,18,2.67463e-05,2.60947e-05,410.9886413393178,450,Low,37.32659484060161,62.67340515939839,5,Current,82.19772826786355,28203.032321729275,177.0934349879076,324
Photolithography,19,2.75487e-05,2.83065e-05,83.54778965589688,450,Medium,57.13194169700611,42.86805830299389,4,Advanced,20.88694741397422,19290.62623634725,51.75869837146058,361
Photolithography,20,2.83752e-05,2.80269e-05,494.0991214702328,200,Medium,86.03250105,13.967498948325698,3,Reduced,164.69970715674427,2793.4997896651394,224.34939890359541,400
Photolithography,21,2.92265e-05,2.92479e-05,397.5101461834959,300,Medium,48.96936629860503,51.03063370139497,3,Reduced,132.5033820611653,15309.19011041849,174.5948683629799,441
Photolithography,22,3.01033e-05,2.94203e-05,139.4220566903776,300,High,60.43408852130355,39.56591147869645,1,Advanced,139.4220566903776,11869.773443608934,74.19904923254211,484
Photolithography,23,3.10063e-05,2.97054e-05,52.48495270562108,450,Medium,32.494371543023526,67.50562845697647,4,Advanced,13.12123817640527,30377.53280563941,31.942292545155492,529
Photolithography,24,3.19365e-05,3.20324e-05,416.95764280467534,450,Low,38.90059205772533,61.09940794227467,5,Reduced,83.39152856093507,27494.73357,179.95323473918774,576
Photolithography,25,3.28946e-05,3.2099e-05,368.0858047314277,450,Low,89.19780737753081,10.802192622469192,5,Current,73.61716094628554,4860.986680111137,175.4936641058303,625
Photolithography,26,3.38815e-05,3.45535e-05,378.0532256184443,300,Low,87.90712178616273,12.092878213837269,2,Current,189.02661280922214,3627.863464151181,178.19342678322653,676
Photolithography,27,3.48979e-05,3.56428e-05,397.0716560086756,300,Medium,30.296398856064577,69.70360114393543,2,Reduced,198.5358280043378,20911.080343180627,168.5175820602896,729
Photolithography,28,3.59449e-05,3.64959e-05,83.32009328034067,300,Low,87.10870712539435,12.891292874605654,5,Advanced,16.664018656068134,3867.3878623816963,60.96064944975457,784
Photolithography,29,3.70232e-05,3.54807e-05,211.30957784492267,200,Medium,68.34719626893002,31.65280373106998,5,Current,42.261915568984534,6330.560746213996,106.52799001864807,841
Photolithography,30,3.81339e-05,3.85732e-05,102.14107678630836,450,Medium,82.07509767120132,17.92490232879868,4,Advanced,25.53526919657709,8066.206047959406,66.67896001588375,900
Photolithography,31,3.92779e-05,3.92255e-05,438.3965416440171,450,Medium,57.28439133803155,42.71560866196845,3,Current,146.1321805480057,19222.023897885803,193.4439340590163,961
Photolithography,32,4.04563e-05,3.98441e-05,330.48415707240105,450,Medium,60.93576171475502,39.06423828524498,2,Current,165.24207853620052,17578.907228360244,151.0743913433869,1024
Photolithography,33,4.16699e-05,4.0291e-05,198.90411118369207,450,Low,59.33079481541521,40.66920518458479,3,Current,66.30137039456402,18301.142333063155,98.26088292,1089
Photolithography,34,4.292e-05,4.29786e-05,78.60125762871064,300,Low,70.01185545276627,29.98814454723373,4,Advanced,19.65031440717766,8996.443364,53.64405968731414,1156
Photolithography,35,4.42076e-05,4.21916e-05,189.9420448,300,Medium,38.379075285378775,61.620924714621225,5,Advanced,37.98840895,18486.277414386368,88.99054049443284,1225
Photolithography,36,4.55339e-05,4.62091e-05,196.33249491203617,450,Medium,31.79841539236068,68.20158460763932,3,Current,65.44416497067873,30690.713073437695,88.97252258252269,1296
Photolithography,37,4.68999e-05,4.89143e-05,378.3227802521288,450,Medium,48.47579649547146,51.52420350452854,5,Current,75.66455605042576,23185.891577037844,167.37185104949296,1369
Photolithography,38,4.83069e-05,4.6563e-05,336.9008621098459,300,Medium,72.28084576,27.71915424,5,Current,67.38017242196918,8315.746271,157.9445986,1444
Photolithography,39,4.97561e-05,5.07648e-05,449.24573415934697,300,Low,42.11120713,57.88879287,1,Advanced,449.24573415934697,17366.63786178693,192.6316558019519,1521
Photolithography,40,5.12488e-05,4.88356e-05,262.4967163228772,200,High,70.40594599949503,29.59405400050497,3,Reduced,87.49890544095906,5918.810800100993,127.02047032899941,1600
Photolithography,41,5.27862e-05,5.5228e-05,103.81741067223577,450,Medium,88.19472276643623,11.805277233563771,3,Advanced,34.605803557411924,5312.374755103697,68.88538109882518,1681
Photolithography,42,5.43698e-05,5.67633e-05,370.9601542503477,300,Medium,35.63404295,64.36595705,5,Reduced,74.19203085006954,19309.78711579047,160.57427458434861,1764
Photolithography,43,5.60009e-05,5.81996e-05,392.3532718776039,300,Low,70.35612709350758,29.64387290649242,4,Advanced,98.08831796940098,8893.161871947726,179.24814687909384,1849
Photolithography,44,5.76809e-05,5.91363e-05,302.5747389062733,300,Medium,56.62501315827427,43.37498684172573,1,Current,302.5747389062733,13012.49605251772,138.31739950999162,1936
Photolithography,45,5.94114e-05,6.22655e-05,396.9352309795525,300,Medium,82.08853526265032,17.911464737349675,5,Advanced,79.3870462,5373.439421204903,184.9006529706161,2025
Photolithography,46,6.11937e-05,6.31902e-05,272.20801836397584,300,Low,40.62898736684316,59.371012633156845,2,Reduced,136.10400918198792,17811.303789947055,121.67190355564328,2116
Photolithography,47,6.30295e-05,6.57079e-05,285.2297732218973,200,High,71.55755713356987,28.442442866430127,2,Current,142.61488661094864,5688.488573286026,136.15917642882988,2209
Photolithography,48,6.49204e-05,6.69026e-05,242.3934582613473,300,Low,80.28691737888661,19.713082621113383,1,Advanced,242.3934582613473,5913.924786334015,121.3434585182049,2304
Photolithography,49,6.6868e-05,6.65988e-05,61.43860703484283,300,High,86.67685317,13.323146831558605,4,Advanced,15.359651758710708,3996.9440494675814,51.778498764469546,2401
Photolithography,50,6.88741e-05,7.058e-05,98.55114215,300,Medium,70.99488169737876,29.00511830262124,5,Advanced,19.71022843,8701.535490786373,62.21892136800844,2500
CMP,1,1.6182e-05,1.61615e-05,64.14313355903042,300,Low,59.83048584050564,40.16951415949436,3,Advanced,21.381044519676806,12050.854247848309,44.50639917576386,1
CMP,2,1.66674e-05,1.70315e-05,336.3846850687012,450,Medium,67.07083441207283,32.92916558792717,1,Reduced,336.3846850687012,14818.124514567227,154.97512435110232,4
CMP,3,1.71675e-05,1.73794e-05,191.4601915,300,High,82.13429907,17.865700931276905,4,Current,47.86504787108675,5359.710279383072,102.42436631435572,9
CMP,4,1.76825e-05,1.72139e-05,278.85681102411627,300,Medium,64.23658479832977,35.76341520167023,3,Current,92.95227034137208,10729.024560501068,131.71369984914546,16
CMP,5,1.8213e-05,1.75473e-05,458.40491326674186,450,High,31.82322358181021,68.17677641818979,2,Current,229.20245663337093,30679.549388185405,193.50893238123982,25
CMP,6,1.87594e-05,1.83113e-05,162.18150311699372,300,Medium,85.85692173041866,14.143078269581338,2,Current,81.09075155849686,4242.923480874401,91.22967776592307,36
CMP,7,1.93221e-05,1.93548e-05,234.6723153660334,200,Medium,71.37160506189366,28.62839493810634,3,Advanced,78.22410512201112,5725.678987621268,116.18040766498146,49
CMP,8,1.99018e-05,2.05975e-05,389.9980123443719,200,High,70.59080314663478,29.409196853365216,1,Advanced,389.9980123443719,5881.839370673043,177.4764458817392,64
CMP,9,2.04988e-05,1.97128e-05,152.9591744712301,300,Low,42.94050914386303,57.05949085613697,2,Current,76.47958723561506,17117.84725684109,74.66582253165096,81
CMP,10,2.11138e-05,2.02325e-05,84.64095942295685,300,Medium,69.53312821395943,30.46687178604057,5,Reduced,16.92819188459137,9140.061536,56.21632223337057,100
CMP,11,2.17472e-05,2.26089e-05,180.3881538111956,300,Low,53.63186433924951,46.36813566075049,3,Advanced,60.129384603731864,13910.440698225148,89.14482083,121
CMP,12,2.23996e-05,2.24801e-05,122.54957926430198,300,High,69.07397862248953,30.926021377510462,3,Advanced,40.84985975476733,9277.806413253138,70.64202529246765,144
CMP,13,2.30716e-05,2.30964e-05,468.36394355415786,200,High,36.39558181847944,63.60441818152056,2,Current,234.18197177707893,12720.883636304112,198.864252,169
CMP,14,2.37638e-05,2.3598e-05,413.65417080398765,200,Low,69.47071827618217,30.52928172381783,1,Reduced,413.65417080398765,6105.856344763566,186.60288380444973,196
CMP,15,2.44767e-05,2.54394e-05,335.03169042969057,300,Medium,89.96482354623998,10.035176453760016,5,Advanced,67.00633808593811,3010.552936128005,162.50212323574823,225
CMP,16,2.5211e-05,2.56243e-05,442.15726558447295,300,High,32.892722331633365,67.10727766836663,1,Current,442.15726558447295,20132.18330050999,187.03072293327924,256
CMP,17,2.59673e-05,2.67855e-05,411.6524346046015,300,Low,88.63045105327905,11.369548946720954,4,Reduced,102.91310865115038,3410.8646840162864,192.45010915782433,289
CMP,18,2.67463e-05,2.59674e-05,133.95652649871613,300,Medium,54.41447764337224,45.58552235662776,4,Advanced,33.48913162467903,13675.65670698833,71.10695389249813,324
CMP,19,2.75487e-05,2.63698e-05,451.6515493,450,High,82.24520702023554,17.75479297976446,2,Advanced,225.8257747,7989.656840894007,205.93418183426667,361
CMP,20,2.83752e-05,2.79746e-05,292.7040088620428,300,Low,76.94312904349641,23.056870956503587,2,Current,146.3520044310214,6917.061286951076,140.76454225786605,400
CMP,21,2.92265e-05,2.78035e-05,413.34806982382815,300,Medium,64.02097565920008,35.979024340799924,2,Reduced,206.67403491191408,10793.707302239978,185.1455206272913,441
CMP,22,3.01033e-05,3.10865e-05,453.24108496557193,300,Low,74.30695255507959,25.69304744492041,4,Advanced,113.31027124139298,7707.914233476123,204.78851975275265,484
CMP,23,3.10063e-05,3.19816e-05,193.10156373733875,300,High,82.71093367808086,17.289066321919137,1,Current,193.10156373733875,5186.719896575741,102.35390559835976,529
CMP,24,3.19365e-05,3.23162e-05,99.52336603745454,300,High,54.24841929906198,45.75158070093802,1,Current,99.52336603745454,13725.474210281407,56.38387220470041,576
CMP,25,3.28946e-05,3.36098e-05,152.57082314387375,450,High,49.62198969379432,50.37801030620568,2,Current,76.28541157193688,22670.104637792556,76.51492617,625
CMP,26,3.38815e-05,3.39931e-05,242.19850488181532,450,Medium,70.05560313381508,29.94439686618492,5,Current,48.43970097636306,13474.978589783213,119.39608289287067,676
CMP,27,3.48979e-05,3.54493e-05,418.1066446651219,200,High,78.47075651647552,21.52924348352448,1,Current,418.1066446651219,4305.848696704896,191.08388482099144,729
CMP,28,3.59449e-05,3.75626e-05,437.32876246535454,450,High,75.73710808659695,24.262891913403053,4,Current,109.33219061633864,10918.301361031374,198.85263741212088,784
CMP,29,3.70232e-05,3.53243e-05,53.12845873903581,300,Medium,77.86881893151806,22.131181068481936,3,Current,17.709486246345268,6639.354320544581,45.51202917506974,841
CMP,30,3.81339e-05,3.92702e-05,279.8362861599046,300,High,56.13499888877598,43.86500111122402,3,Current,93.27876205330153,13159.500333367205,129.67501413059466,900
CMP,31,3.92779e-05,4.02316e-05,237.83495141695056,300,Low,79.07005297,20.929947029498702,3,Current,79.27831713898352,6278.9841088496105,119.75499645793062,961
CMP,32,4.04563e-05,3.88455e-05,149.9485147118286,450,Medium,37.212543322236506,62.78745667776349,5,Reduced,29.98970294236572,28254.355504993568,72.64316888,1024
CMP,33,4.16699e-05,3.98184e-05,103.93941530015726,300,Low,62.669345877650976,37.330654122349024,2,Advanced,51.96970765007863,11199.196236704707,60.97656988,1089
CMP,34,4.292e-05,4.17785e-05,201.9268271316326,300,Low,30.345519629887296,69.65448037011271,4,Reduced,50.48170678290815,20896.344111033814,91.07438674161924,1156
CMP,35,4.42076e-05,4.39865e-05,474.3093667606336,300,Low,49.47514979401622,50.52485020598378,5,Reduced,94.86187335212672,15157.455061795135,206.06629164245834,1225
CMP,36,4.55339e-05,4.74529e-05,195.44131940933983,300,Medium,51.98769209228387,48.01230790771613,4,Advanced,48.86032985233496,14403.692372314837,94.97283539,1296
CMP,37,4.68999e-05,4.5849e-05,283.45577978451473,200,Medium,53.77036149655533,46.22963850344468,4,Current,70.86394494612868,9245.927700688937,130.7134203627725,1369
CMP,38,4.83069e-05,4.93792e-05,366.3585315,200,Medium,71.72803240139173,28.27196759860827,2,Current,183.1792658,5654.393519721654,168.6618223215495,1444
CMP,39,4.97561e-05,4.86645e-05,213.63332107068229,200,Low,53.31348607622074,46.68651392377926,3,Advanced,71.21110702356076,9337.302784755851,102.34737425113916,1521
CMP,40,5.12488e-05,4.88464e-05,487.3019372244323,200,Medium,56.92161735735184,43.078382642648165,2,Advanced,243.65096861221616,8615.676528529633,212.59726009697846,1600
CMP,41,5.27862e-05,5.47216e-05,483.1012827239501,200,Medium,44.252647852459646,55.747352147540354,5,Advanced,96.62025654479001,11149.47042950807,208.01630744531795,1681
CMP,42,5.43698e-05,5.58457e-05,163.30203312141387,300,Medium,52.39510749776041,47.60489250223959,5,Advanced,32.66040662428277,14281.467750671878,82.53934549789368,1764
CMP,43,5.60009e-05,5.46163e-05,273.7618276515734,200,Medium,43.63617763578909,56.36382236421091,5,Reduced,54.752365530314684,11272.764472842182,124.0955843513661,1849
CMP,44,5.76809e-05,5.86664e-05,185.39523941754635,300,Medium,34.39175542610662,65.60824457389339,2,Advanced,92.69761970877317,19682.473372168017,85.07562239485051,1936
CMP,45,5.94114e-05,5.6923e-05,178.17822246986043,450,High,66.20691560288267,33.793084397117326,4,Reduced,44.54455561746511,15206.887978702796,92.33336366880897,2025
CMP,46,6.11937e-05,5.9328e-05,66.59912630953976,300,Medium,70.09276791330097,29.907232086699025,4,Current,16.64978157738494,8972.169626009707,48.86748089780619,2116
CMP,47,6.30295e-05,6.22726e-05,324.3039502909536,300,Low,67.16942076057687,32.83057923942313,1,Reduced,324.3039502909536,9849.173772,150.1724063445545,2209
CMP,48,6.49204e-05,6.49987e-05,276.2055604529877,200,Low,57.80964262803434,42.19035737196566,5,Current,55.24111209059754,8438.071474393131,129.32511696960538,2304
CMP,49,6.6868e-05,6.65168e-05,73.16543806249521,200,High,52.78714681075379,47.21285318924621,4,Advanced,18.291359515623803,9442.570637849241,46.302319268224224,2401
CMP,50,6.88741e-05,6.90515e-05,175.39090890647515,200,Low,81.80001897430952,18.19998102569048,1,Current,175.39090890647515,3639.9962051380962,94.99636925488291,2500
Etching,1,1.0788e-05,1.03303e-05,458.7196486849942,200,High,61.144907108173086,38.855092891826914,4,Advanced,114.67991217124855,7771.018578365382,203.03133160644958,1
Etching,2,1.11116e-05,1.10492e-05,157.8028508001376,300,Medium,58.75091265778386,41.24908734221614,5,Current,31.56057016002752,12374.726202664842,82.24641412,4
Etching,3,1.1445e-05,1.11613e-05,115.2026924410504,200,High,31.538523948386143,68.46147605161386,3,Reduced,38.40089748035013,13692.29521032277,56.44263416,9
Etching,4,1.17883e-05,1.18151e-05,270.2537421249034,200,Medium,50.474869657569386,49.52513034243061,5,Advanced,54.05074842498068,9905.026068486122,124.74395774723217,16
Etching,5,1.2142e-05,1.25831e-05,493.5427043497703,200,High,52.811737127151424,47.188262872848576,2,Advanced,246.77135217488515,9437.652574569714,213.86060287805356,25
Etching,6,1.25062e-05,1.21917e-05,158.9248721801752,300,Medium,53.92936685381403,46.07063314618597,4,Current,39.73121805,13821.18994385579,80.94875892821429,36
Etching,7,1.28814e-05,1.34336e-05,352.4609963326453,300,Medium,64.81034215363994,35.18965784636006,4,Reduced,88.11524908316133,10556.89735390802,161.6275011791501,49
Etching,8,1.32679e-05,1.31521e-05,392.7288268979229,300,Medium,62.01615280361271,37.983847196387295,2,Current,196.36441344896144,11395.154158916188,176.29637660025296,64
Etching,9,1.36659e-05,1.43202e-05,156.93689479657985,300,Medium,66.47430556760668,33.52569443239332,2,Advanced,78.46844739828992,10057.708329717996,83.31704958891395,81
Etching,10,1.40759e-05,1.46084e-05,377.6973568753368,300,Medium,75.89299569,24.10700430747229,3,Current,125.89911895844561,7232.101292241688,174.74684145789305,100
Etching,11,1.44982e-05,1.44091e-05,215.5024097,200,High,78.77914432,21.220855677034397,4,Advanced,53.87560243,4244.171135406879,111.03470718635528,121
Etching,12,1.49331e-05,1.53067e-05,334.53762376711074,300,High,73.08738457358967,26.912615426410326,4,Current,83.63440594177769,8073.784627923098,156.9412648789212,144
Etching,13,1.53811e-05,1.59785e-05,335.08836984240264,300,Medium,87.33142175729608,12.668578242703916,3,Reduced,111.69612328080088,3800.5734728111747,161.1347744641499,169
Etching,14,1.58425e-05,1.57226e-05,291.0986078336413,200,Medium,31.093954960581694,68.90604504,1,Current,291.0986078336413,13781.20900788366,126.06762962163104,196
Etching,15,1.63178e-05,1.58996e-05,90.63039652448371,450,Medium,41.74667914101276,58.25332085898724,3,Reduced,30.210132174827905,26213.99438654426,49.676162352097315,225
Etching,16,1.68073e-05,1.6671e-05,425.88612301515707,450,Medium,30.45377249868853,69.54622750131148,5,Advanced,85.17722460303142,31295.802375590167,180.9905809556694,256
Etching,17,1.73116e-05,1.68113e-05,194.35102923728115,200,Low,68.84848284927618,31.15151715072382,4,Current,48.58775730932029,6230.303430144764,99.59495654969533,289
Etching,18,1.78309e-05,1.83947e-05,133.9333296799344,300,Low,83.88183293699922,16.118167063000783,2,Reduced,66.96666484,4835.450118900235,79.33788175307352,324
Etching,19,1.83658e-05,1.90529e-05,68.34881369964376,450,Medium,44.60893779457796,55.391062205422045,5,Advanced,13.669762739928752,24925.97799243992,42.22220681823089,361
Etching,20,1.89168e-05,1.84558e-05,315.90182443470883,300,Low,85.62207269,14.37792731,4,Reduced,78.97545610867721,4313.378194,153.24735158021707,400
Etching,21,1.94843e-05,1.89064e-05,354.9039628290271,200,Low,33.61604341737365,66.38395658262635,3,Advanced,118.30132094300903,13276.79131652527,152.94639815682294,441
Etching,22,2.00688e-05,1.99248e-05,57.46452301753527,300,Low,86.06616160833086,13.93383839166914,5,Current,11.492904603507053,4180.151517500742,50.30565768951337,484
Etching,23,2.06709e-05,2.02095e-05,280.44187623467644,300,Low,51.09736123437806,48.90263876562194,4,Reduced,70.11046905866911,14670.79162968658,128.7059589,529
Etching,24,2.1291e-05,2.13859e-05,151.92309883907208,300,Low,36.08524970695299,63.91475029304701,1,Current,151.92309883907208,19174.425087914104,71.89481444771474,576
Etching,25,2.19298e-05,2.11273e-05,340.32775568425245,300,High,59.15230555117954,40.84769444882046,1,Advanced,340.32775568425245,12254.308334646139,154.17679393905485,625
Etching,26,2.25876e-05,2.17476e-05,128.46489305224617,300,Medium,45.40659406323048,54.59340593676952,2,Current,64.23244652612308,16378.021781030857,65.60793543986762,676
Etching,27,2.32653e-05,2.43773e-05,360.92198214610966,300,Medium,47.092374117715366,52.90762588228464,4,Current,90.23049553652741,15872.287764685392,159.69650509375847,729
Etching,28,2.39632e-05,2.28688e-05,224.03090583524184,300,Medium,48.43739789557719,51.56260210442281,1,Reduced,224.03090583524184,15468.780631326843,104.4435817027699,784
Etching,29,2.46821e-05,2.49848e-05,471.5284949315305,200,Low,78.18155387,21.81844613,3,Current,157.17616497717682,4363.689226,212.96586413360015,841
Etching,30,2.54226e-05,2.4753e-05,111.88442486569696,300,High,62.34967660051527,37.65032339948473,4,Advanced,27.97110621642424,11295.09701984542,64.65867292643337,900
Etching,31,2.61853e-05,2.51156e-05,203.47985797261632,300,Medium,48.67846194936022,51.32153805063978,3,Current,67.82661932420544,15396.461415191934,96.89548177,961
Etching,32,2.69708e-05,2.5908e-05,101.06308455826507,450,Low,66.620027,33.379973001344894,3,Current,33.68769485275502,15020.987850605203,61.31124192290256,1024
Etching,33,2.778e-05,2.72385e-05,466.1121282253533,300,Medium,72.96904045339161,27.030959546608383,1,Current,466.1121282253533,8109.287863982515,208.6355634261588,1089
Etching,34,2.86134e-05,2.9396e-05,444.80270902144144,300,High,46.35744004401202,53.64255995598798,4,Current,111.20067725536036,16092.767986796393,193.0283156217802,1156
Etching,35,2.94718e-05,3.00591e-05,166.07373247182002,200,High,54.81294609152109,45.18705390847891,5,Reduced,33.21474649436401,9037.410781695782,84.37337681618433,1225
Etching,36,3.03559e-05,3.01978e-05,346.99282071538056,300,Medium,37.313165600216855,62.686834399783145,1,Current,346.99282071538056,18806.050319934944,150.2910779662173,1296
Etching,37,3.12666e-05,3.16346e-05,417.7499900905471,300,Medium,40.86896097208082,59.13103902791918,1,Current,417.7499900905471,17739.311708375753,179.6606843278431,1369
Etching,38,3.22046e-05,3.36834e-05,299.84036521975804,300,Low,70.86707123789897,29.13292876210103,4,Advanced,74.96009130493951,8739.878629,142.3962674592729,1444
Etching,39,3.31707e-05,3.22236e-05,288.3427602602029,300,High,40.88630086173762,59.11369913826238,4,Advanced,72.08569006505073,17734.109741478715,128.80299436260245,1521
Etching,40,3.41658e-05,3.39163e-05,158.83353090520325,300,Low,61.50980302002361,38.49019697997639,3,Advanced,52.94451030173442,11547.059093992917,82.88635326808838,1600
Etching,41,3.51908e-05,3.46283e-05,91.89624551265464,200,High,72.54277570334597,27.457224296654037,4,Advanced,22.97406137816366,5491.444859330807,59.721330916065654,1681
Etching,42,3.62465e-05,3.53732e-05,453.7470911,300,Medium,36.41261538568463,63.58738461431537,3,Current,151.24903035966568,19076.21538429461,193.3226210473042,1764
Etching,43,3.73339e-05,3.54932e-05,455.18812572349873,300,Medium,64.03873317773422,35.961266822265785,1,Current,455.18812572349873,10788.380046679735,201.58687024271975,1849
Etching,44,3.8454e-05,3.97629e-05,334.8956557729706,300,Medium,45.39376702208183,54.606232977918175,2,Current,167.4478278864853,16381.869893375453,148.1763924158128,1936
Etching,45,3.96076e-05,3.99307e-05,202.5634059719153,200,Low,87.77561251425479,12.224387485745211,5,Reduced,40.51268119438306,2444.877497149042,108.85804614304256,2025
Etching,46,4.07958e-05,4.09975e-05,207.1443085756974,450,Low,59.01273880319548,40.98726119680452,1,Reduced,207.1443085756974,18444.26753856203,100.8615450712376,2116
Etching,47,4.20197e-05,4.29518e-05,376.6800554916077,300,Low,78.35955298650948,21.640447013490515,4,Reduced,94.17001387290192,6492.134104047154,175.3798880925959,2209
Etching,48,4.32803e-05,4.37813e-05,453.6996169786597,300,Low,63.01359252937571,36.98640747062429,5,Current,90.73992339573195,11095.922241187289,201.88392455027662,2304
Etching,49,4.45787e-05,4.23505e-05,449.1888909193028,300,Medium,32.60475197128915,67.39524802871085,2,Current,224.5944454596514,20218.574408613254,190.05698195910787,2401
Etching,50,4.5916e-05,4.6923e-05,400.9439956359307,300,Medium,67.98908253564134,32.010917464358656,2,Current,200.47199781796536,9603.275239307597,181.37432301506468,2500
Deposition,1,1.0788e-05,1.08268e-05,338.9142407694295,200,Low,87.08420053239942,12.91579946760058,3,Advanced,112.97141358980984,2583.159893520116,162.59095646749165,1
Deposition,2,1.11116e-05,1.1059e-05,87.86298424777198,300,High,66.09670920877987,33.90329079122013,5,Advanced,17.572596849554394,10170.987237366038,56.47420646174275,4
Deposition,3,1.1445e-05,1.16963e-05,122.7329213425762,300,High,79.15133156560742,20.84866843439258,3,Reduced,40.91097378085873,6254.6005303177735,73.73856800671271,9
Deposition,4,1.17883e-05,1.20631e-05,454.34938483718565,300,High,83.05238780090447,16.94761219909553,1,Reduced,454.34938483718565,5084.28366,206.95547027514561,16
Deposition,5,1.2142e-05,1.21848e-05,322.89307684681546,300,High,43.68478631693595,56.31521368306405,5,Advanced,64.57861536936309,16894.564104919216,143.76266663380696,25
Deposition,6,1.25062e-05,1.27332e-05,54.13867322748334,200,Low,42.72269039,57.27730961,1,Current,54.13867322748334,11455.461921101281,34.772276409341416,36
Deposition,7,1.28814e-05,1.29945e-05,95.66219428971444,300,Medium,66.65885933,33.34114067,3,Reduced,31.887398096571477,10002.34220068215,59.16253551520362,49
Deposition,8,1.32679e-05,1.33079e-05,348.5757960986251,300,Medium,54.66170818840229,45.33829181159771,5,Advanced,69.71515921972502,13601.487543479314,157.32883089597073,64
Deposition,9,1.36659e-05,1.31155e-05,52.277712730798406,300,Medium,80.39167817200322,19.60832182799677,3,Advanced,17.42590424359947,5882.496548399032,45.92858854392033,81
Deposition,10,1.40759e-05,1.35471e-05,122.3636231378744,300,Low,84.00138740388067,15.99861259611933,5,Reduced,24.47272462757488,4799.5837788357985,75.64586547631396,100
Deposition,11,1.44982e-05,1.41803e-05,296.93020521496373,300,High,51.20528275816309,48.79471724183691,3,Current,98.97673507165457,14638.415172551075,135.03366691343444,121
Deposition,12,1.49331e-05,1.5535e-05,361.352839,450,Low,44.21223353846892,55.78776646153108,2,Advanced,180.6764195,25104.494907688986,158.40480564622547,144
Deposition,13,1.53811e-05,1.50033e-05,343.3825667761702,300,Low,76.83153091463171,23.168469085368287,3,Current,114.46085559205675,6950.540725610486,161.3024859848576,169
Deposition,14,1.58425e-05,1.54314e-05,150.9211892572519,300,Medium,46.48836213288817,53.51163786711183,2,Reduced,75.46059462862596,16053.491360133548,74.91498434276721,196
Deposition,15,1.63178e-05,1.62411e-05,370.4806496063911,200,Medium,79.35685911,20.643140889179307,3,Current,123.49354986879705,4128.628177835862,172.89931757580268,225
Deposition,16,1.68073e-05,1.64723e-05,156.76208937356003,200,Medium,55.42429521892577,44.57570478107423,5,Advanced,31.352417874712007,8915.140956214846,80.83212431510174,256
Deposition,17,1.73116e-05,1.66765e-05,196.4298641716705,300,Low,70.05299395748823,29.947006042511774,5,Advanced,39.285972834334096,8984.101812753532,101.08784385591467,289
Deposition,18,1.78309e-05,1.70102e-05,385.9211323031109,200,High,35.73211883008009,64.26788116991992,5,Current,77.18422646062217,12853.576233983984,166.58808857026838,324
Deposition,19,1.83658e-05,1.78381e-05,342.3348045712466,200,Low,67.43155948059439,32.56844051940561,4,Current,85.58370114281165,6513.6881038811225,158.36338967267696,361
Deposition,20,1.89168e-05,1.91228e-05,432.1505347223801,300,Low,57.10606072423374,42.89393927576626,1,Current,432.1505347223801,12868.181782729876,190.29203210622217,400
Deposition,21,1.94843e-05,1.94346e-05,345.9258015351545,200,High,65.19650779052844,34.80349220947156,5,Advanced,69.18516031,6960.698441894311,159.42927295122033,441
Deposition,22,2.00688e-05,1.97299e-05,305.7388715009622,450,High,40.08085246,59.91914754,2,Reduced,152.8694357504811,26963.61639088869,134.91980433979242,484
Deposition,23,2.06709e-05,2.14108e-05,92.15364552,200,High,74.21242469665093,25.787575303349072,5,Advanced,18.430729104528318,5157.515060669814,60.625185618051916,529
Deposition,24,2.1291e-05,2.15128e-05,215.4721113767451,300,High,81.76782465,18.232175347406297,4,Advanced,53.86802784418627,5469.652604221889,111.91919194647615,576
Deposition,25,2.19298e-05,2.2975e-05,169.34106545677645,300,Medium,43.00438800544654,56.99561199455346,2,Advanced,84.67053272838822,17098.68359836604,81.23774258434455,625
Deposition,26,2.25876e-05,2.34692e-05,159.79533952058762,450,Medium,35.74287333,64.25712667,4,Advanced,39.948834880146904,28915.707000955637,75.84099780759796,676
Deposition,27,2.32653e-05,2.38892e-05,487.8547496386005,200,Low,31.418315162780186,68.58168483721983,2,Current,243.92737481930024,13716.336967443965,205.16739440427426,729
Deposition,28,2.39632e-05,2.49689e-05,226.89397610004215,300,Medium,68.51829002659596,31.48170997340404,3,Current,75.63132536668071,9444.512992021213,112.21307744799566,784
Deposition,29,2.46821e-05,2.46744e-05,451.4209498,450,Medium,66.42564216532685,33.57435783467315,1,Advanced,451.4209498,15108.461025602917,200.79607258147846,841
Deposition,30,2.54226e-05,2.57715e-05,334.0123816987683,450,Low,62.80184476,37.19815524,1,Current,334.0123816987683,16739.169856720113,152.74550610836062,900
Deposition,31,2.61853e-05,2.67181e-05,407.66508659374176,450,Medium,43.916825766958524,56.08317423304148,4,Advanced,101.91627164843544,25237.428404868668,177.44108236758427,961
Deposition,32,2.69708e-05,2.6961e-05,276.18669189733646,300,Medium,53.45435975433088,46.54564024566912,1,Current,276.18669189733646,13963.692073700735,126.81098468523385,1024
Deposition,33,2.778e-05,2.80596e-05,309.6067480818616,200,Low,65.66858011117039,34.331419888829615,4,Reduced,77.40168702,6866.283977765923,144.74327326609577,1089
Deposition,34,2.86134e-05,2.90179e-05,271.6329622184888,300,Low,59.80601153155016,40.19398846844984,4,Advanced,67.90824055,12058.196540534951,127.79498834686058,1156
Deposition,35,2.94718e-05,3.02122e-05,137.85934450912004,450,Medium,89.26713121289325,10.732868787106751,4,Current,34.46483612728001,4829.790954198038,83.12387716751599,1225
Deposition,36,3.03559e-05,3.00797e-05,375.1034518676774,300,Low,38.18638515340399,61.81361484659601,1,Advanced,375.1034518676774,18544.08445,161.7972962930922,1296
Deposition,37,3.12666e-05,3.05507e-05,176.3475630983851,300,High,71.70867324285562,28.291326757144372,4,Advanced,44.08689077459628,8487.398027143312,93.25162721221074,1369
Deposition,38,3.22046e-05,3.26589e-05,60.942184894154224,300,Medium,54.25912608625752,45.74087391374248,1,Advanced,60.942184894154224,13722.262174122745,40.954611783538944,1444
Deposition,39,3.31707e-05,3.30609e-05,340.46253315822554,300,Medium,55.69197689553688,44.30802310446312,4,Current,85.11563328955638,13292.406931338935,154.09260633195126,1521
Deposition,40,3.41658e-05,3.51349e-05,129.6998057,200,Medium,73.05586593949057,26.944134060509427,5,Current,25.939961146634403,5388.8268121018855,75.29668207511598,1600
Deposition,41,3.51908e-05,3.42239e-05,473.2063629588114,300,High,71.54616907946217,28.453830920537825,4,Advanced,118.30159073970285,8536.149276161348,211.9463959073632,1681
Deposition,42,3.62465e-05,3.51011e-05,479.2678596511643,300,Medium,89.47535962,10.524640377868709,2,Reduced,239.63392982558216,3157.3921133606127,219.14975174710514,1764
Deposition,43,3.73339e-05,3.75976e-05,461.68897559920185,300,Medium,37.70365736724752,62.29634263275248,4,Current,115.42224389980046,18688.902789825745,197.18668744985501,1849
Deposition,44,3.8454e-05,4.02549e-05,216.5714151,300,Medium,36.246578963049984,63.753421036950016,3,Reduced,72.19047170498334,19126.026311085006,98.40253973489502,1936
Deposition,45,3.96076e-05,3.98445e-05,56.95547743799034,200,Low,73.46032902772447,26.53967097227553,4,Current,14.238869359497585,5307.934194455106,46.020289683513475,2025
Deposition,46,4.07958e-05,3.93263e-05,467.7433531644765,300,High,64.70321502038455,35.29678497961545,2,Current,233.87167658223825,10589.035493884636,207.10830577190598,2116
Deposition,47,4.20197e-05,4.24569e-05,242.68286674279145,300,Medium,46.44963999358835,53.55036000641165,2,Advanced,121.34143337139572,16065.108001923496,111.60803869519309,2209
Deposition,48,4.32803e-05,4.26983e-05,484.9946685696513,300,Medium,34.76516214,65.23483786,1,Advanced,484.9946685696513,19570.451358198243,204.72741606966233,2304
Deposition,49,4.45787e-05,4.62788e-05,483.6289896901638,200,High,35.13949497578583,64.86050502421418,5,Reduced,96.72579793803276,12972.101004842836,205.49344436880128,2401
Deposition,50,4.5916e-05,4.64058e-05,433.854255,300,High,83.65145248,16.348547520152906,4,Advanced,108.4635637,4904.564256045872,199.83713772807891,2500
Oxidation,1,5.39399e-06,5.39136e-06,182.5020014313136,300,Medium,41.512039483124575,58.48796051687543,1,Reduced,182.5020014313136,17546.38815506263,85.75441241746282,1
Oxidation,2,5.55581e-06,5.76744e-06,223.2939778708664,200,High,49.40229372693125,50.59770627306875,5,Current,44.65879557417328,10119.54125461375,105.63827926642594,4
Oxidation,3,5.72249e-06,5.43807e-06,433.0115021825856,300,Medium,43.59938413361928,56.40061586638072,4,Advanced,108.2528755456464,16920.184759914217,187.48441611312003,9
Oxidation,4,5.89416e-06,5.80613e-06,192.61490232032492,200,Medium,51.29977834991624,48.70022165008376,3,Advanced,64.20496744,9740.044330016752,93.33589443310484,16
Oxidation,5,6.07099e-06,5.77654e-06,126.2717360087416,200,Medium,34.16543056,65.83456944,4,Advanced,31.567934,13166.91388704688,61.958323572926325,25
Oxidation,6,6.25312e-06,5.95458e-06,300.5605681062576,450,Medium,61.14358745449622,38.85641254550378,2,Reduced,150.2802840531288,17485.38565,139.16730347885192,36
Oxidation,7,6.44071e-06,6.56074e-06,471.2696483723514,300,Low,34.05675381553289,65.94324618446711,2,Current,235.6348241861757,19782.973855340133,199.32488549360042,49
Oxidation,8,6.63393e-06,6.62354e-06,363.21340850373787,450,High,78.02139047,21.978609530658304,3,Advanced,121.07113616791263,9890.374288796236,169.59178054229767,64
Oxidation,9,6.83295e-06,6.99491e-06,306.52752654021424,300,High,44.02272491462598,55.97727508537402,1,Advanced,306.52752654021424,16793.182525612207,136.1178280904735,81
Oxidation,10,7.03794e-06,7.19966e-06,93.72942219684585,300,Low,62.40071487627064,37.599285123729366,5,Advanced,18.74588443936917,11279.78553711881,57.71198334161953,100
Oxidation,11,7.24908e-06,7.23077e-06,326.7532520146264,300,High,82.80474525368749,17.195254746312514,4,Current,81.688313,5158.5764238937545,156.7427243819568,121
Oxidation,12,7.46655e-06,7.21208e-06,495.5242325469185,300,Low,69.05264214283164,30.94735785716836,2,Advanced,247.76211627345924,9284.207357150508,219.5254856616169,144
Oxidation,13,7.69055e-06,7.65866e-06,113.03780685643582,300,Medium,61.97746719308012,38.02253280691989,1,Reduced,113.03780685643582,11406.759842075968,64.10836290049836,169
Oxidation,14,7.92126e-06,8.25289e-06,283.24834356368154,300,Medium,49.460025186922536,50.53997481307746,3,Advanced,94.41611452122719,15161.992443923236,129.03734498154938,196
Oxidation,15,8.1589e-06,8.03131e-06,444.8178824,300,Low,49.98011478349187,50.01988521650813,2,Advanced,222.4089412,15005.96556495244,193.52118738207957,225
Oxidation,16,8.40367e-06,8.04884e-06,383.345878,450,High,70.16921731,29.83078269,3,Current,127.78195932979735,13423.852209648869,175.28911638932425,256
Oxidation,17,8.65578e-06,8.93427e-06,363.6570834478706,450,High,89.64836167327005,10.351638326729956,4,Current,90.91427086196765,4658.237247,173.55734188112925,289
Oxidation,18,8.91545e-06,9.03231e-06,366.1178377941992,450,Medium,69.71035139096271,30.28964860903729,5,Reduced,73.22356755883985,13630.34187406678,168.8602405349685,324
Oxidation,19,9.18291e-06,9.14585e-06,211.77101804888983,200,Low,63.46700504220149,36.53299495779851,2,Current,105.88550902444491,7306.598991559702,104.34850873221637,361
Oxidation,20,9.4584e-06,9.8451e-06,182.1163299,300,Low,73.83903061435477,26.16096938564523,2,Advanced,91.05816496,7848.290815693569,95.59824115191523,400
Oxidation,21,9.74215e-06,1.01938e-05,414.2125199653311,450,Medium,57.91233673702309,42.08766326297691,4,Current,103.55312999133278,18939.44846833961,184.25870900723936,441
Oxidation,22,1.00344e-05,1.03877e-05,414.55102760563136,200,High,33.60854055604711,66.39145944,1,Advanced,414.55102760563136,13278.29188879058,176.2029732090667,484
Oxidation,23,1.03354e-05,1.03109e-05,440.1825433610466,200,Medium,63.73780895267459,36.26219104732541,5,Advanced,88.03650867220932,7252.438209465082,196.69436003022102,529
Oxidation,24,1.06455e-05,1.01569e-05,460.9582486504121,300,Low,87.45751707032281,12.542482929677192,2,Reduced,230.47912432520604,3762.7448789031578,211.22055458126167,576
Oxidation,25,1.09649e-05,1.07934e-05,280.10407948742204,300,Medium,40.51817654145958,59.48182345854042,5,Current,56.02081589748441,17844.547037562126,125.6970847574067,625
Oxidation,26,1.12938e-05,1.12622e-05,275.68233260923984,450,Medium,71.40029344923994,28.59970655076006,2,Reduced,137.84116630461992,12869.867947842027,132.29302107846792,676
Oxidation,27,1.16326e-05,1.19472e-05,409.2328305350488,200,Medium,42.05602131954339,57.94397868045661,5,Current,81.84656610700975,11588.795736091322,177.80993860988255,729
Oxidation,28,1.19816e-05,1.23274e-05,342.4837688499943,300,Low,62.14966106838487,37.85033893161513,3,Current,114.16125628333144,11355.101679484538,156.5384058605132,784
Oxidation,29,1.23411e-05,1.21218e-05,365.8850947659665,300,Medium,35.800586978803175,64.19941302119682,2,Advanced,182.94254738298326,19259.823906359044,157.69421400002756,841
Oxidation,30,1.27113e-05,1.21058e-05,408.1067012462455,200,Medium,57.02225617549111,42.97774382450889,5,Advanced,81.62134025,8595.548764901778,181.84935735114553,900
Oxidation,31,1.30926e-05,1.31972e-05,450.5024038179049,200,High,75.36979973371476,24.630200266285243,1,Reduced,450.5024038179049,4926.040053257048,203.1119014472764,961
Oxidation,32,1.34854e-05,1.41345e-05,202.09782058319112,450,Medium,50.85429145433892,49.14570854566108,3,Advanced,67.36594019439704,22115.568845547485,96.99541566957814,1024
Oxidation,33,1.389e-05,1.44598e-05,219.0123286879748,300,Medium,69.89470346923308,30.10529653076692,3,Reduced,73.00410956265826,9031.588959230075,109.47334251595984,1089
Oxidation,34,1.43067e-05,1.45555e-05,92.29187292839106,300,High,77.72699764738375,22.27300235261625,1,Current,92.29187292839106,6681.900705784875,60.53484846557154,1156
Oxidation,35,1.47359e-05,1.47638e-05,310.2260634482783,300,Low,85.63066916876716,14.369330831232844,5,Advanced,62.045212689655656,4310.799249369853,151.27962612994148,1225
Oxidation,36,1.5178e-05,1.53743e-05,66.17402320853394,450,High,44.078524911327214,55.92147508867279,4,Current,16.543505802133485,25164.663789902756,40.89316675681174,1296
Oxidation,37,1.56333e-05,1.58175e-05,259.5191081596071,300,Medium,53.958954948558485,46.04104505144152,1,Current,259.5191081596071,13812.313515432457,120.29532974841038,1369
Oxidation,38,1.61023e-05,1.62216e-05,294.1900856184095,450,Low,39.14496079982504,60.85503920017496,5,Advanced,58.83801712,27384.76764007873,130.91952248731133,1444
Oxidation,39,1.65854e-05,1.63761e-05,178.94356345772798,300,Medium,89.54901013,10.450989870497494,1,Reduced,178.94356345772798,3135.296961149248,98.74212842194194,1521
Oxidation,40,1.70829e-05,1.7654e-05,315.87496725605484,300,Medium,85.62005807545772,14.37994192454228,1,Current,315.87496725605484,4313.9825773626835,152.33600432505926,1600
Oxidation,41,1.75954e-05,1.84045e-05,63.72511247257224,300,Low,62.39742781683358,37.60257218316642,2,Advanced,31.86255623628612,11280.771654949927,44.80927333407897,1681
Oxidation,42,1.81233e-05,1.7439e-05,66.80668493714649,300,Medium,80.52199766258528,19.47800233741472,5,Current,13.361336987429297,5843.400701224416,52.379273273634176,1764
Oxidation,43,1.8667e-05,1.77698e-05,420.17025229684623,300,Medium,61.25747863632253,38.74252136367747,4,Reduced,105.04256307421156,11622.75640910324,187.64534450963527,1849
Oxidation,44,1.9227e-05,1.90961e-05,212.0857886350683,300,Medium,67.41514128016559,32.584858719834415,2,Advanced,106.04289431753415,9775.457615950325,105.65885783807698,1936
Oxidation,45,1.98038e-05,2.05126e-05,107.17723069334816,300,Low,35.34746592696099,64.65253407,1,Reduced,107.17723069334816,19395.760221911703,53.77513205542756,2025
Oxidation,46,2.03979e-05,1.99583e-05,285.00946702466194,450,High,75.31622522980848,24.68377477019152,1,Advanced,285.00946702466194,11107.698646586183,136.89865437880732,2116
Oxidation,47,2.10098e-05,2.08175e-05,396.49709889437486,300,High,37.66280901811409,62.33719098188591,1,Current,396.49709889437486,18701.15729456577,170.1976822631842,2209
Oxidation,48,2.16401e-05,2.21749e-05,147.11946237357944,300,High,79.56405782,20.43594218,5,Current,29.42389247471589,6130.782655,84.21700229397729,2304
Oxidation,49,2.22893e-05,2.15985e-05,330.3007141185501,450,Medium,76.92168526022316,23.078314739776843,5,Advanced,66.06014282371002,10385.241632899579,156.6967912,2401
Oxidation,50,2.2958e-05,2.22919e-05,88.40635925,300,Low,72.52468186457858,27.475318135421418,2,Advanced,44.20317962,8242.595440626425,57.71994825825182,2500
Doping,1,5.39399e-06,5.25916e-06,73.25677452587347,200,Medium,32.169622831485725,67.83037716851427,4,Current,18.314193631468367,13566.075433702856,40.153596659795106,1
Doping,2,5.55581e-06,5.52139e-06,289.1095842056666,450,Low,48.187701356719714,51.812298643280286,2,Current,144.5547921028333,23315.534389476128,130.70014408928253,4
Doping,3,5.72249e-06,5.58213e-06,293.2858047245479,300,Low,45.78675419465057,54.21324580534943,3,Current,97.76193490818264,16263.973741604828,131.95034814821435,9
Doping,4,5.89416e-06,5.86389e-06,336.84345567419297,300,Medium,51.60818444829114,48.39181555170886,1,Advanced,336.84345567419297,14517.544665512658,150.51983760416454,16
Doping,5,6.07099e-06,6.3589e-06,376.7411001751977,200,Medium,35.25856480583031,64.74143519,1,Reduced,376.7411001751977,12948.28703883394,161.5740095118282,25
Doping,6,6.25312e-06,6.24244e-06,489.1334357581406,300,Medium,86.21746938186376,13.782530618136237,1,Current,489.1334357581406,4134.759185440871,221.8186151178154,36
Doping,7,6.44071e-06,6.26633e-06,282.3351567355379,300,Medium,63.22813444274258,36.77186555725742,2,Reduced,141.16757836776895,11031.559667177225,132.50250302703793,49
Doping,8,6.63393e-06,6.78006e-06,195.3304128235607,300,Medium,48.33145863948141,51.66854136051859,2,Advanced,97.66520641178035,15500.562408155576,93.23160272,64
Doping,9,6.83295e-06,6.71559e-06,407.83378764591663,450,Low,53.81889102,46.18110898,1,Current,407.83378764591663,20781.49903899435,179.5791823657038,81
Doping,10,7.03794e-06,6.79165e-06,171.87451306793338,300,High,56.83215243029014,43.16784756970986,2,Current,85.93725653396669,12950.35427091296,86.39945095626038,100
Doping,11,7.24908e-06,7.29536e-06,247.53713931753623,200,Medium,66.03566000163704,33.96433999836296,5,Advanced,49.507427863507246,6792.867999672591,120.3255537275056,121
Doping,12,7.46655e-06,7.61654e-06,85.30537160401968,300,Medium,60.94076566178987,39.05923433821013,5,Current,17.061074320803936,11717.770301463039,53.90437834014483,144
Doping,13,7.69055e-06,7.92316e-06,61.40783453695588,300,Low,85.16351839286504,14.836481607134957,2,Advanced,30.70391726847794,4450.944482140487,50.71218933264187,169
Doping,14,7.92126e-06,7.53255e-06,483.1917866050663,300,Medium,59.817808974349816,40.18219102565018,1,Current,483.1917866050663,12054.657307695054,211.52205733433146,196
Doping,15,8.1589e-06,7.75881e-06,426.1910542304926,200,Medium,89.52948088939877,10.47051911060123,2,Current,213.0955271152463,2094.103822120246,197.93526595901668,225
Doping,16,8.40367e-06,8.08579e-06,363.18839274216407,300,Low,81.08549746470575,18.914502535294247,2,Advanced,181.59419637108203,5674.350760588274,170.20100633627735,256
Doping,17,8.65578e-06,8.70817e-06,234.02882498642143,300,Low,42.51063086144015,57.48936913855985,2,Current,117.01441249321071,17246.810741567955,106.96471925300061,289
Doping,18,8.91545e-06,9.04462e-06,127.9824440318806,450,Medium,85.83571287863498,14.16428712136502,3,Current,42.66081467729354,6373.929204614258,77.84369147634274,324
Doping,19,9.18291e-06,9.36367e-06,120.39666920198871,300,Medium,36.98198387312856,63.01801612687144,5,Advanced,24.079333840397744,18905.40483806143,60.75326284273406,361
Doping,20,9.4584e-06,9.42689e-06,162.60930417406792,450,Low,79.04698250947149,20.95301749052851,4,Reduced,40.65232604351698,9428.857871,89.95781642246862,400
Doping,21,9.74215e-06,9.32467e-06,297.1519991177542,200,High,52.837397608594806,47.16260239,4,Reduced,74.28799977943855,9432.520478,135.91201892968013,441
Doping,22,1.00344e-05,9.91455e-06,371.5681652150281,450,Low,82.67845922670418,17.321540773295823,3,Current,123.85605507167604,7794.6933479831205,174.33080385402252,484
Doping,23,1.03354e-05,9.88396e-06,347.08881952297907,200,Medium,82.08340140644702,17.916598593552976,2,Advanced,173.54440976148953,3583.319718710595,164.06054823112572,529
Doping,24,1.06455e-05,1.06023e-05,175.97025362567427,300,High,78.35552400705727,21.64447599294273,3,Current,58.65675120855809,6493.3427978828195,94.79475865,576
Doping,25,1.09649e-05,1.09128e-05,479.68937629843737,300,Medium,77.40182617842368,22.598173821576324,3,Current,159.8964587661458,6779.452146472897,215.99629837290206,625
Doping,26,1.12938e-05,1.16291e-05,382.0536125130959,200,Medium,48.28074834588245,51.71925165411756,1,Advanced,382.0536125130959,10343.850330823512,167.6056695090031,676
Doping,27,1.16326e-05,1.17792e-05,299.4593236301303,300,Medium,34.85515698307513,65.14484301692487,5,Current,59.891864726026064,19543.45290507746,131.74027654697466,729
Doping,28,1.19816e-05,1.18085e-05,325.2743358054585,300,Low,54.178810725909685,45.82118927409032,4,Current,81.31858395136463,13746.356782227096,147.56337753995632,784
Doping,29,1.23411e-05,1.27077e-05,238.82002809250545,300,High,40.41147089919052,59.58852910080948,2,Current,119.41001404625273,17876.558730242843,108.25145250675934,841
Doping,30,1.27113e-05,1.30017e-05,161.47894527552086,300,Medium,71.69706533414771,28.30293466585229,4,Current,40.369736318880214,8490.880399755688,87.30069771045265,900
Doping,31,1.30926e-05,1.31654e-05,210.1877053930677,300,High,50.76598359226713,49.23401640773287,4,Current,52.54692634826692,14770.20492231986,100.50487723490723,961
Doping,32,1.34854e-05,1.3578e-05,391.0307497089661,300,Low,88.53661205159489,11.463387948405114,5,Reduced,78.20614994179321,3439.016384521534,184.47328349906493,1024
Doping,33,1.389e-05,1.45653e-05,56.47706988339014,300,Low,68.45832464071992,31.54167535928008,4,Advanced,14.119267470847536,9462.502607784025,44.32832534557203,1089
Doping,34,1.43067e-05,1.36336e-05,102.23268822811232,300,Low,79.34883381806165,20.65116618193835,4,Current,25.55817205702808,6195.3498545815055,65.89772543666344,1156
Doping,35,1.47359e-05,1.41413e-05,70.70118890978874,200,Medium,37.95148036451091,62.04851963548909,3,Reduced,23.56706296992958,12409.703927097818,40.565919673268766,1225
Doping,36,1.5178e-05,1.46134e-05,68.32796104353656,450,Medium,81.72086893635736,18.27913106364264,5,Current,13.665592208707313,8225.608978639188,53.347445098321835,1296
Doping,37,1.56333e-05,1.61539e-05,434.9572628049533,300,High,85.36543143080365,14.634568569196349,1,Current,434.9572628049533,4390.370570758904,199.89253455122244,1369
Doping,38,1.61023e-05,1.59922e-05,366.64603672101066,300,Medium,59.22371512913615,40.77628487086385,2,Current,183.32301836050533,12232.885461259155,165.0255292271451,1444
Doping,39,1.65854e-05,1.66819e-05,263.37822308929634,300,High,66.37517626505866,33.624823734941344,4,Current,65.84455577232409,10087.447120482404,126.46384211523613,1521
Doping,40,1.70829e-05,1.74752e-05,94.02537229295066,450,Low,75.88858805417973,24.111411945820265,2,Reduced,47.01268614647533,10850.13537561912,60.97672533343419,1600
Doping,41,1.75954e-05,1.70585e-05,271.2271438025746,200,High,40.49031763562475,59.50968236437525,1,Current,271.2271438025746,11901.93647287505,120.93795281171725,1681
Doping,42,1.81233e-05,1.90125e-05,263.0622968512546,300,Medium,60.15396458780654,39.84603541219346,2,Reduced,131.5311484256273,11953.810623658037,123.87110811684379,1764
Doping,43,1.8667e-05,1.94457e-05,127.94084145950684,300,Medium,53.91978166633879,46.080218333661215,1,Advanced,127.94084145950684,13824.065500098364,67.65227108370436,1849
Doping,44,1.9227e-05,1.89168e-05,245.23324215708783,300,High,38.782439529734944,61.217560470265056,3,Advanced,81.74441405236261,18365.268141079516,110.62802872175563,1936
Doping,45,1.98038e-05,1.8817e-05,229.32713047881805,200,Medium,52.05206533749188,47.94793466250812,4,Current,57.33178261970451,9589.586932501623,108.54647179277478,2025
Doping,46,2.03979e-05,2.01775e-05,327.1325441234974,450,Medium,34.09033856312961,65.90966143687038,1,Advanced,327.1325441234974,29659.347646591672,141.38011921833785,2116
Doping,47,2.10098e-05,2.17744e-05,335.7921428904397,450,Low,31.54871441696922,68.45128558303078,2,Advanced,167.89607144521986,30803.078512363852,144.38147148126666,2209
Doping,48,2.16401e-05,2.25911e-05,70.38680439742004,300,Low,38.109977349289366,61.89002265071064,4,Advanced,17.59670109935501,18567.006795213194,40.78771496375482,2304
Doping,49,2.22893e-05,2.14689e-05,218.57567658191203,300,High,87.78690669535044,12.21309330464956,3,Advanced,72.85855886063734,3663.927991394868,114.66634264136995,2401
Doping,50,2.2958e-05,2.31206e-05,331.63696207140634,450,Medium,62.97177215370102,37.02822784629898,4,Advanced,82.90924051785159,16662.702530834544,152.74631647467285,2500
Inspection,1,5.39399e-06,5.2181e-06,276.41131636103944,300,Medium,87.94932966919319,12.05067033080681,1,Reduced,276.41131636103944,3615.201099242043,137.24932544517372,1
Inspection,2,5.55581e-06,5.28139e-06,435.4204285,200,Medium,55.94987269980792,44.05012730019208,3,Advanced,145.1401428,8810.025460038416,191.85313322384036,4
Inspection,3,5.72249e-06,5.76232e-06,346.41213422852525,300,Low,48.70896798511558,51.29103201488442,2,Current,173.20606711426262,15387.309604465327,153.77754408694477,9
Inspection,4,5.89416e-06,5.77503e-06,123.32049218664336,300,Low,60.36851177041464,39.63148822958536,3,Current,41.10683072888112,11889.446468875607,68.33875040578174,16
Inspection,5,6.07099e-06,5.77138e-06,81.75593633019344,300,Medium,56.37070131797461,43.62929868202539,3,Reduced,27.251978776731146,13088.789604607618,50.51358492746976,25
Inspection,6,6.25312e-06,6.55299e-06,339.0886752,300,Medium,36.33988105570464,63.66011894429536,5,Advanced,67.81773504,19098.03568328861,148.0374343938482,36
Inspection,7,6.44071e-06,6.33225e-06,61.930089743729816,450,Low,68.44957888141238,31.55042111858762,3,Reduced,20.64336324790994,14197.68950336443,46.20690956191564,49
Inspection,8,6.63393e-06,6.44923e-06,313.5990115730585,450,Medium,42.96229095057598,57.03770904942402,3,Current,104.53300385768615,25666.969072240812,139.2282919143962,64
Inspection,9,6.83295e-06,6.511e-06,473.1036086412309,300,Low,67.17527729386978,32.82472270613022,4,Current,118.27590216030772,9847.416811839064,210.5940266446533,81
Inspection,10,7.03794e-06,7.30187e-06,308.96338004414554,200,Medium,69.01206554388921,30.987934456110796,2,Current,154.48169002207277,6197.5868912221595,144.88897168082497,100
Inspection,11,7.24908e-06,7.55474e-06,224.6764667929349,450,Low,39.12149118771889,60.87850881228111,4,Reduced,56.16911669823372,27395.32897,102.80703407348963,121
Inspection,12,7.46655e-06,7.81203e-06,339.4796982990589,450,Medium,33.680977626640086,66.31902237335991,4,Advanced,84.86992457476472,29843.56006801196,147.09617260761559,144
Inspection,13,7.69055e-06,7.41742e-06,256.21380072118245,200,Medium,76.84569516410639,23.15430483589361,1,Current,256.21380072118245,4630.860967178722,125.8392288377049,169
Inspection,14,7.92126e-06,7.82038e-06,295.5275551921707,450,Medium,57.588025426159206,42.41197457,4,Current,73.88188879804268,19085.388558228362,136.68742970471607,196
Inspection,15,8.1589e-06,7.83504e-06,473.65916394943633,450,Low,33.48982773032855,66.51017226967144,5,Current,94.73183278988726,29929.57752135215,201.01061389887312,225
Inspection,16,8.40367e-06,8.41361e-06,223.7461870103484,300,Low,89.69197903018602,10.30802096981398,5,Reduced,44.74923740206968,3092.4062909441936,117.90606851319517,256
Inspection,17,8.65578e-06,8.32192e-06,482.5357537207614,300,Medium,33.46683366,66.53316634,1,Advanced,482.5357537207614,19959.9499,203.35435158623918,289
Inspection,18,8.91545e-06,8.78879e-06,457.4077888802287,300,Medium,71.70211373,28.29788626848681,2,Reduced,228.70389444011434,8489.365880546044,205.07374967154544,324
Inspection,19,9.18291e-06,9.54786e-06,138.1060106551834,200,Medium,89.02073551580482,10.979264484195184,2,Advanced,69.05300533,2195.852896839037,82.54862491681482,361
Inspection,20,9.4584e-06,9.50193e-06,81.21258539382445,300,Low,44.350806252955536,55.649193747044464,4,Advanced,20.303146348456114,16694.758124113338,46.99027603341644,400
Inspection,21,9.74215e-06,9.8662e-06,95.35010062,450,Medium,38.53496212123177,61.46503787876823,4,Advanced,23.83752515,27659.267045445704,50.90052888430634,441
Inspection,22,1.00344e-05,9.93176e-06,58.19982154319737,200,High,37.283096365345735,62.716903634654265,4,Advanced,14.549955385799343,12543.380726930853,35.66485752688267,484
Inspection,23,1.03354e-05,1.01178e-05,92.49933234016775,300,Medium,48.196508854055736,51.80349114594426,2,Current,46.24966617008388,15541.047343783277,52.05868559228382,529
Inspection,24,1.06455e-05,1.05425e-05,357.35304803736057,300,Low,36.06274866,63.93725134,3,Advanced,119.1176826791202,19181.17540180836,154.66004381313587,576
Inspection,25,1.09649e-05,1.08129e-05,82.03489180710304,300,Medium,71.52968050164792,28.470319498352083,5,Advanced,16.406978361420606,8541.095849505626,55.77286087333559,625
Inspection,26,1.12938e-05,1.13654e-05,193.5390336321926,450,Low,33.73750788780376,66.26249211219624,3,Reduced,64.51301121073087,29818.12145048831,88.43686581921817,676
Inspection,27,1.16326e-05,1.1324e-05,430.19388993625455,300,Low,60.56532768898738,39.43467231101262,3,Reduced,143.39796331208484,11830.401693303786,191.14715428119803,729
Inspection,28,1.19816e-05,1.15481e-05,60.47237108112164,300,High,89.80181123,10.198188768821396,2,Reduced,30.23618554056082,3059.456630646419,51.72949180180224,784
Inspection,29,1.23411e-05,1.22996e-05,416.5108171650211,300,Low,78.83821617036114,21.161783829638864,3,Reduced,138.83693905500704,6348.535148891659,191.15579171711678,841
Inspection,30,1.27113e-05,1.25066e-05,176.83464864802997,300,Medium,66.91316629386066,33.086833706139345,1,Current,176.83464864802997,9926.050111841803,91.10780934737018,900
Inspection,31,1.30926e-05,1.36628e-05,103.17417242974533,300,Medium,48.37521725,51.62478275,4,Advanced,25.79354310743633,15487.43482584099,56.982234146057145,961
Inspection,32,1.34854e-05,1.32078e-05,363.5317244138678,300,Medium,67.43375017749831,32.56624982250169,1,Advanced,363.5317244138678,9769.874946750506,165.94281481879662,1024
Inspection,33,1.389e-05,1.45563e-05,333.0242810509478,200,Medium,61.62248783,38.37751217,5,Current,66.60485621018957,7675.502433,153.19645877078887,1089
Inspection,34,1.43067e-05,1.44371e-05,444.8624060871738,200,Low,55.565003033422286,44.434996966577714,4,Advanced,111.21560152179345,8886.999393315542,195.81446334489618,1156
Inspection,35,1.47359e-05,1.40852e-05,380.7819697117486,300,Medium,37.84262260441197,62.15737739558803,3,Current,126.92732323724954,18647.21321867641,164.56557466602305,1225
Inspection,36,1.5178e-05,1.51107e-05,411.5664186731819,300,Medium,83.19625291,16.80374709,5,Advanced,82.31328373463637,5041.124125671599,191.08544334360118,1296
Inspection,37,1.56333e-05,1.55102e-05,176.9155576570879,450,Low,56.98707892927935,43.01292107072065,4,Advanced,44.228889414271976,19355.814481824294,89.06234674161897,1369
Inspection,38,1.61023e-05,1.62192e-05,129.84779470087528,300,Medium,41.67735071,58.32264929,3,Current,43.282598233625095,17496.79478722623,65.34232309312388,1444
Inspection,39,1.65854e-05,1.73846e-05,387.7766382383862,300,Low,52.06556105263738,47.93443894736262,1,Current,387.7766382383862,14380.331684208786,171.03032361114572,1521
Inspection,40,1.70829e-05,1.65832e-05,413.0756326702688,300,Low,54.84778515173562,45.15221484826438,4,Current,103.2689081675672,13545.664454479314,182.8845886136282,1600
Inspection,41,1.75954e-05,1.67915e-05,495.7273139,200,Medium,79.65227373401245,20.347726265987543,3,Current,165.24243796676765,4069.5452531975084,223.08660768032493,1681
Inspection,42,1.81233e-05,1.8553e-05,235.6779546101419,300,Low,74.01686283368412,25.983137166315885,1,Advanced,235.6779546101419,7794.941149894766,116.7762407,1764
Inspection,43,1.8667e-05,1.86548e-05,217.40813860675243,200,Medium,76.15829361848039,23.84170638151961,5,Advanced,43.481627721350485,4768.341276303922,111.3107435282451,1849
Inspection,44,1.9227e-05,1.84938e-05,399.3858323338986,450,Medium,30.661875865718837,69.33812413428117,5,Reduced,79.87716646677971,31202.155860426526,170.4528956932751,1936
Inspection,45,1.98038e-05,1.89662e-05,203.3615931,200,High,54.96923989078569,45.03076010921431,5,Current,40.67231862,9006.152021842863,99.33540921,2025
Inspection,46,2.03979e-05,1.94033e-05,468.84079652160415,300,Low,58.88064909811942,41.11935090188058,5,Advanced,93.76815930432083,12335.805270564175,206.70051333807749,2116
Inspection,47,2.10098e-05,2.00447e-05,436.2857383293553,200,Low,31.151536609383403,68.84846339,2,Reduced,218.14286916467765,13769.69267812332,184.45975631455713,2209
Inspection,48,2.16401e-05,2.09335e-05,243.04731231875823,450,Low,45.58879252470206,54.41120747529794,4,Advanced,60.76182807968956,24485.043363884073,112.09556268491392,2304
Inspection,49,2.22893e-05,2.13239e-05,387.8919805061738,300,Medium,75.61738939,24.382610612671897,4,Current,96.97299512654345,7314.783183801569,179.04200901866795,2401
Inspection,50,2.2958e-05,2.37318e-05,389.5442933381071,300,Medium,38.22658234373994,61.77341765626006,2,Advanced,194.77214666905354,18532.02529687802,167.88569203836482,2500
Packaging,1,5.39399e-06,5.2959e-06,96.40574097616968,200,Low,62.11860789,37.88139211,3,Current,32.13524699205656,7576.278423,58.09787875661453,1
Packaging,2,5.55581e-06,5.47607e-06,456.148808,300,High,42.91211232103425,57.08788767896575,3,Current,152.04960266860166,17126.366303689723,196.23315689863227,4
Packaging,3,5.72249e-06,5.88524e-06,277.3635676015357,300,Low,30.72724648,69.27275352136641,5,Advanced,55.47271352030714,20781.826056409922,121.66360098420435,9
Packaging,4,5.89416e-06,5.64392e-06,421.90585974848375,450,Medium,44.472087455972485,55.52791254402752,1,Reduced,421.90585974848375,24987.560644812384,182.40397013618525,16
Packaging,5,6.07099e-06,6.18404e-06,194.0223204637753,300,Medium,88.55242529460322,11.447574705396775,3,Current,64.67410682125843,3434.2724116190325,105.0746557738911,25
Packaging,6,6.25312e-06,5.94633e-06,452.9854528232902,200,High,78.09222671297937,21.907773287020632,1,Advanced,452.9854528232902,4381.554657404126,204.92184914320993,36
Packaging,7,6.44071e-06,6.60114e-06,225.1407554303734,200,Medium,87.57459866,12.425401340738006,4,Advanced,56.28518885759335,2485.080268147601,117.52868176992796,49
Packaging,8,6.63393e-06,6.56926e-06,54.87694316613426,300,High,59.27124263558174,40.72875736441826,1,Advanced,54.87694316613426,12218.627209325477,40.03215005712823,64
Packaging,9,6.83295e-06,7.14216e-06,457.4218893886687,300,Medium,36.584171920650206,63.415828079349794,4,Advanced,114.35547234716718,19024.748423804936,195.14400733166255,81
Packaging,10,7.03794e-06,6.70606e-06,91.07900455,200,High,62.87756933842158,37.12243066157842,2,Current,45.53950227688005,7424.486132315684,55.89487262303051,100
Packaging,11,7.24908e-06,7.23983e-06,193.69113691568668,300,Low,57.26264007359765,42.73735992640235,2,Reduced,96.84556845784334,12821.207977920705,95.25524678835397,121
Packaging,12,7.46655e-06,7.54124e-06,477.5278851728622,300,High,80.66142496437695,19.33857503562305,5,Current,95.50557703457244,5801.572510686916,216.70958155845798,144
Packaging,13,7.69055e-06,7.64074e-06,477.77321612190025,300,Medium,35.88495484705467,64.11504515294533,3,Advanced,159.2577387073001,19234.513545883598,202.77477290287652,169
Packaging,14,7.92126e-06,7.67478e-06,308.0470496554788,300,High,59.29446822130669,40.70553177869331,5,Advanced,61.60940993109576,12211.659533607994,142.50716032858355,196
Packaging,15,8.1589e-06,8.00859e-06,334.32674547640966,300,Medium,39.00291988163906,60.99708011836094,4,Advanced,83.58168636910241,18299.12403550828,146.63157415505557,225
Packaging,16,8.40367e-06,8.7264e-06,251.8004848902439,300,Medium,49.48055561,50.519444386596405,5,Current,50.36009697804878,15155.833315978922,117.06436064011864,256
Packaging,17,8.65578e-06,8.79062e-06,181.94484726412904,200,Medium,74.24142464326798,25.758575356732024,1,Current,181.94484726412904,5151.715071346405,95.35036629863201,289
Packaging,18,8.91545e-06,8.59334e-06,197.89904541646217,200,Medium,58.56108776212599,41.43891223787401,4,Advanced,49.47476135411554,8287.782447574802,97.92794449522268,324
Packaging,19,9.18291e-06,9.20159e-06,352.63330523466726,450,Low,52.553297108746165,47.44670289125384,2,Current,176.31665261733363,21351.016301064228,157.41931122649075,361
Packaging,20,9.4584e-06,9.14829e-06,388.5685382,450,Low,53.66857671420212,46.33142328579788,3,Reduced,129.52284608231867,20849.140478609046,172.42798831304307,400
Packaging,21,9.74215e-06,9.65795e-06,406.2105696766319,300,Low,57.5668061,42.4331939,4,Current,101.55264241915798,12729.95816869224,180.95426970196053,441
Packaging,22,1.00344e-05,1.04449e-05,405.3281642575493,300,Low,77.10099263022342,22.899007369776584,4,Reduced,101.33204106438733,6869.7022109329755,186.46156349208673,484
Packaging,23,1.03354e-05,1.06768e-05,91.04274637191068,300,High,83.52508133641406,16.47491866358594,1,Current,91.04274637191068,4942.475599075781,61.77462294968849,529
Packaging,24,1.06455e-05,1.11708e-05,272.48913711616166,300,Low,87.32008119,12.679918809764304,3,Current,90.82971237205389,3803.975642929291,136.0916792035354,576
Packaging,25,1.09649e-05,1.13685e-05,75.90144200748992,200,High,77.21420318,22.785796824682294,2,Current,37.95072100374496,4557.159364936459,54.12483775559128,625
Packaging,26,1.12938e-05,1.09011e-05,297.287997,200,Medium,48.924413744880766,51.075586255119234,4,Current,74.32199926142025,10215.117251023847,134.79252294173662,676
Packaging,27,1.16326e-05,1.13854e-05,248.68872561801965,300,Low,71.28808236519254,28.711917634807463,4,Advanced,62.17218140450491,8613.575290442239,122.06191495676562,729
Packaging,28,1.19816e-05,1.18494e-05,449.4668822412349,300,Medium,56.25618744332351,43.74381255667649,1,Advanced,449.4668822412349,13123.143767002946,196.96360912949103,784
Packaging,29,1.23411e-05,1.28621e-05,207.91175564843545,200,Medium,45.28023732276307,54.71976267723693,5,Advanced,41.58235112968709,10943.952535447386,98.24877346,841
Packaging,30,1.27113e-05,1.26498e-05,102.68015739242264,300,Medium,80.45229476555537,19.547705234444635,2,Current,51.34007869621132,5864.311570333391,65.80775138663567,900
Packaging,31,1.30926e-05,1.32201e-05,114.34625692377614,300,Medium,32.30558094,67.69441906,3,Advanced,38.115418974592046,20308.32571867815,56.33017705083231,961
Packaging,32,1.34854e-05,1.2893e-05,392.6797842728625,300,Medium,84.10571953,15.894280471874596,4,Reduced,98.16994606821562,4768.284141562379,183.5036295675826,1024
Packaging,33,1.389e-05,1.3464e-05,328.1981284923175,200,Low,57.68864787748405,42.31135212251595,4,Current,82.04953212307937,8462.270425,149.7858457601722,1089
Packaging,34,1.43067e-05,1.36421e-05,95.50520425525562,200,High,68.23208860849682,31.767911391503176,2,Current,47.75260212762781,6353.582278300635,59.27170828,1156
Packaging,35,1.47359e-05,1.44637e-05,87.84806275174884,300,High,69.56123533234697,30.438764667653032,5,Advanced,17.569612550349767,9131.6294,57.50759570040363,1225
Packaging,36,1.5178e-05,1.53116e-05,365.4361092,200,Medium,83.70706444239218,16.29293555760782,4,Reduced,91.35902729,3258.587111521564,172.48656299535924,1296
Packaging,37,1.56333e-05,1.53058e-05,82.74335286388708,300,Low,68.20018093003245,31.799819069967555,2,Reduced,41.37167643194354,9539.945720990267,54.15739542456457,1369
Packaging,38,1.61023e-05,1.67428e-05,419.8370266806603,300,Medium,66.83601509,33.163984914396295,1,Current,419.8370266806603,9949.195474318889,188.28561519794525,1444
Packaging,39,1.65854e-05,1.58228e-05,367.8090022204233,200,Low,33.99912243,66.00087756635861,5,Advanced,73.56180044408465,13200.175513271723,158.82333761826172,1521
Packaging,40,1.70829e-05,1.68377e-05,86.60695129,300,Low,61.104481316712246,38.89551868328776,3,Current,28.868983762951633,11668.655604986328,53.874124910555636,1600
Packaging,41,1.75954e-05,1.81495e-05,88.17697133833636,300,Low,39.010140049022496,60.989859950977504,4,Advanced,22.04424283458409,18296.95798529325,48.173830550041295,1681
Packaging,42,1.81233e-05,1.76711e-05,493.9878103255289,450,Medium,74.24602612328914,25.75397387671086,2,Advanced,246.99390516276446,11589.288244519887,220.46893196719833,1764
Packaging,43,1.8667e-05,1.92047e-05,218.42185809025412,450,High,60.73331524876047,39.26668475123953,1,Current,218.42185809025412,17670.00813805779,105.8887378107298,1849
Packaging,44,1.9227e-05,1.94837e-05,216.7889661801009,300,Medium,70.81366675,29.186333247498798,3,Current,72.26298873,8755.899974,108.85968649779073,1936
Packaging,45,1.98038e-05,1.98589e-05,415.75980526587614,300,Medium,32.50037403614306,67.49962596385694,2,Current,207.87990263293807,20249.88778915708,176.65403431719338,2025
Packaging,46,2.03979e-05,2.08295e-05,476.2618598227364,300,Medium,35.087520962748194,64.91247903725181,2,Reduced,238.1309299113682,19473.743711175543,201.63100021791905,2116
Packaging,47,2.10098e-05,2.19107e-05,493.7004787202919,300,Medium,72.97940328376094,27.02059671623905,3,Current,164.5668262400973,8106.1790148717155,220.27401247324508,2209
Packaging,48,2.16401e-05,2.09555e-05,389.0201833665237,450,Medium,34.325060159920405,65.67493984007959,1,Current,389.0201833665237,29553.722928035815,166.20559139458564,2304
Packaging,49,2.22893e-05,2.231e-05,219.3168134889121,200,High,34.27540366591552,65.72459633408448,1,Advanced,219.3168134889121,13144.919266816896,98.3093465,2401
Packaging,50,2.2958e-05,2.24178e-05,87.57532251440094,200,Low,30.726508514093247,69.27349148590676,5,Reduced,17.515064502880186,13854.698297181352,45.74808155998835,2500